date,name,amount,status,category,parent category,excluded,tags,type,account,account mask,note,recurring
2/23/26,Autopay Payment - Thank You,-469.34,posted,,,FALSE,,internal transfer,Marriott Bonvoy Brilliant¬Æ American Express¬Æ Card,5005,,
2/23/26,"Etsy, Inc. Co Entry Descr:payout Sec:ppd Orig",-673.71,pending,Shops,Shopping,FALSE,,regular,Shelzys Designs,5301,,
2/23/26,American Express Co Entry Descr:ach Sec:web Ind Orig,469.34,pending,,,FALSE,,internal transfer,Bugs Checking,3045,,
2/23/26,Disney Plus,12.99,pending,Subscriptions,Subscriptions,FALSE,,regular,Credit Card,443,,
2/23/26,Disney Plus,7,pending,Subscriptions,Subscriptions,FALSE,,regular,Credit Card,443,,
2/23/26,Apple.com-bill,4.34,pending,Business Income,,FALSE,,regular,Ultimate Rewards¬Æ,9759,,
2/23/26,Applecombill,107.78,pending,Entertainment,Fun,FALSE,,regular,Marriott Bonvoy Brilliant¬Æ American Express¬Æ Card,5005,,
2/22/26,Target,33.97,posted,Amazon/Target/Walmart,,FALSE,,regular,Ultimate Rewards¬Æ,9759,,
2/22/26,Target,37,posted,Amazon/Target/Walmart,,FALSE,,regular,Ultimate Rewards¬Æ,9759,,
2/22/26,Stop & Shop,121.5,posted,Groceries,Food & Drink,FALSE,,regular,Ultimate Rewards¬Æ,9759,,
2/22/26,Sp Nations Photo Lab,42.35,posted,Other,,FALSE,,regular,Ultimate Rewards¬Æ,9759,,
2/22/26,Cvs,16.31,posted,Pharmacy Stores,,FALSE,,regular,Ultimate Rewards¬Æ,9759,,
2/21/26,Robinhood,500,pending,,,FALSE,,internal transfer,Bugs Checking,3045,,
2/21/26,Robinhood,500,pending,,,FALSE,,internal transfer,Bugs Checking,3045,,
2/21/26,Weill Cornell Medicine,559.77,pending,Pharmacy Stores,,FALSE,,regular,Shelzys Designs,5301,,
2/21/26,Nys Dol Ui Dd Co Entry Descr:ui Dd Sec:ppd Orig,-869,pending,,,FALSE,,income,Bugs Checking,3045,,
2/21/26,Nys Dol Ui Dd Co Entry Descr:ui Dd Sec:ppd Orig,-869,pending,,,FALSE,,income,Bugs Checking,3045,,
2/20/26,Temu.com,-22.93,posted,Shops,Shopping,FALSE,,regular,Marriott Bonvoy Brilliant¬Æ American Express¬Æ Card,5005,,
2/20/26,Upwork,21.74,posted,Other,,FALSE,,regular,Credit Card,443,,
2/20/26,The Clubhouse,20.7,posted,Restaurants,Food & Drink,FALSE,,regular,Ultimate Rewards¬Æ,9759,,
2/20/26,The Clubhouse,20.7,posted,Restaurants,Food & Drink,FALSE,,regular,Ultimate Rewards¬Æ,9759,,
2/20/26,Pncbk Ckxfr Transfer,2000,posted,,,FALSE,,internal transfer,Bugs Checking,3045,,
2/20/26,Online Transfer To Chk,673,posted,,,FALSE,,internal transfer,Bugs Checking,3045,,
2/20/26,Online Transfer From Chk,-673,posted,,,FALSE,,internal transfer,Shelzys Designs,5301,,
2/20/26,Goldbergs Famous Bagels O,6.19,posted,Restaurants,Food & Drink,FALSE,,regular,Ultimate Rewards¬Æ,1041,,
2/19/26,Www.perplexity.ai,43.5,posted,Restaurants,Food & Drink,FALSE,,regular,Ultimate Rewards¬Æ,9759,,
2/19/26,Temu.com,-6.33,posted,Shops,Shopping,FALSE,,regular,Prime Visa,5990,,
2/19/26,Temu.com,-15.37,posted,Shops,Shopping,FALSE,,regular,Prime Visa,5990,,
2/19/26,Temu.com,-16.76,posted,Shops,Shopping,FALSE,,regular,Ultimate Rewards¬Æ,9759,,
2/19/26,Temu.com,-19.8,posted,Shops,Shopping,FALSE,,regular,Ultimate Rewards¬Æ,9759,,
2/19/26,T.j.maxx,-259.58,posted,Clothing,Shopping,FALSE,,regular,Ultimate Rewards¬Æ,1041,,
2/19/26,Fundrise Growth 2vuhepm5nv5vtqm,500,posted,Other,,FALSE,,regular,Bugs Checking,3045,,
2/19/26,Apple Gs Savings Transfer,-68.2,posted,,,FALSE,,internal transfer,Bugs Checking,3045,,
2/19/26,Anthropic,21.75,posted,Restaurants,Food & Drink,FALSE,,regular,Ultimate Rewards¬Æ,9759,,
2/19/26,Anthropic,11.73,posted,Restaurants,Food & Drink,FALSE,,regular,Ultimate Rewards¬Æ,9759,,
2/19/26,Anthropic,10.89,posted,Restaurants,Food & Drink,FALSE,,regular,Ultimate Rewards¬Æ,9759,,
2/19/26,Anthropic,5.44,posted,Restaurants,Food & Drink,FALSE,,regular,Ultimate Rewards¬Æ,9759,,
2/19/26,Amazon Mktplace,-52.5,posted,Shelzy‚Äôs Designs,Side Hustle,FALSE,,regular,Prime Visa,5990,,
2/18/26,Robinhood,1000,posted,,,FALSE,,internal transfer,Bugs Checking,3045,,
2/18/26,Profilephoto App,3.49,posted,Other,,FALSE,,regular,Ultimate Rewards¬Æ,9759,,
2/18/26,Profilephoto App,3.49,posted,Other,,FALSE,,regular,Ultimate Rewards¬Æ,9759,,
2/18/26,Shelzys Designs Bluevine Ccd,-148.99,posted,,,FALSE,,regular,Bugs Checking,3045,,
2/18/26,Ouraring Inc,76.11,posted,Restaurants,Food & Drink,FALSE,,regular,Ultimate Rewards¬Æ,9759,,
2/18/26,Pncbk Ckxfr Transfer,1000,posted,,,FALSE,,internal transfer,Bugs Checking,3045,,
2/18/26,Invideo Inc,38.06,posted,Restaurants,Food & Drink,FALSE,,regular,Ultimate Rewards¬Æ,9759,,
2/18/26,"Amazon.com, Inc. Amzn",15.26,posted,Business Income,,FALSE,,regular,Prime Visa,5990,,
2/17/26,The Clubhouse - Online,145.95,posted,Restaurants,Food & Drink,FALSE,,regular,Ultimate Rewards¬Æ,9759,,
2/17/26,T.j.maxx,314.83,posted,Clothing,Shopping,FALSE,,regular,Ultimate Rewards¬Æ,1041,,
2/17/26,Ro Health,299,posted,Other,,FALSE,,regular,Ultimate Rewards¬Æ,9759,,
2/17/26,Fid Bkg Svc Llc Moneyline,19000,posted,,,FALSE,,internal transfer,Bugs Checking,3045,,
2/17/26,Amazon Prime,151.34,posted,Amazon/Target/Walmart,,FALSE,,regular,Prime Visa,5990,,
2/17/26,Bridgehampton Wine Cellar,50.03,posted,Groceries,Food & Drink,FALSE,,regular,Ultimate Rewards¬Æ,1041,,
2/17/26,Amazon Mktpl*b90mf1z52,65.16,posted,Shelzy‚Äôs Designs,Side Hustle,FALSE,,regular,Prime Visa,5990,,
2/17/26,Amazon Mktpl*ot5zl1ya3,31.04,posted,Shelzy‚Äôs Designs,Side Hustle,FALSE,,regular,Prime Visa,5990,,
2/16/26,Pinterest Inc San Francisco Ca,104.39,posted,Other,,FALSE,,regular,Shelzys Designs,5301,,
2/16/26,Sp Blueland,91.03,posted,Clothing,Shopping,FALSE,,regular,Ultimate Rewards¬Æ,1041,,
2/16/26,Ro Health,45,posted,Other,,FALSE,,regular,Ultimate Rewards¬Æ,9759,,
2/16/26,Github Inc,10.88,posted,Other,,FALSE,,regular,Credit Card,443,,
2/15/26,John H - Cross Sound,10.5,posted,Other,,FALSE,,regular,Ultimate Rewards¬Æ,1041,,
2/15/26,Cross Sound Wifi,2.99,posted,Other,,FALSE,,regular,Ultimate Rewards¬Æ,9759,,
2/15/26,Cross Sound Ferry,100.54,posted,Transportation,,FALSE,,regular,Ultimate Rewards¬Æ,1041,,
2/15/26,Amazon Payments,167.6,posted,Shops,Shopping,FALSE,,regular,Prime Visa,5990,,
2/15/26,225 Whiting Farms Road,7.18,posted,Other,,FALSE,,regular,Ultimate Rewards¬Æ,9759,,
2/15/26,Apple.com-bill Internet Charge,8.68,posted,Subscriptions,Subscriptions,FALSE,,regular,Marriott Bonvoy Brilliant¬Æ American Express¬Æ Card,5005,,Apple.com-bill Internet Charge
2/14/26,Zelle Payment From Terri Humes Pncaa0xuo97o,-100,posted,,,FALSE,,internal transfer,Bugs Checking,3045,,
2/14/26,Claude.ai Subscription,217.5,posted,AI Subscriptions,,FALSE,,regular,Ultimate Rewards¬Æ,9759,,
2/13/26,Unicorn Inc,7.76,posted,Restaurants,Food & Drink,FALSE,,regular,Ultimate Rewards¬Æ,9759,,
2/13/26,Temu.com,43.65,posted,Shops,Shopping,FALSE,,regular,Credit Card,443,,
2/13/26,"Notion Labs, Inc",26.1,posted,Shops,Shopping,FALSE,,regular,Ultimate Rewards¬Æ,9759,,
2/13/26,Interpublic Grou Payroll,-13686.68,posted,,,FALSE,,income,Bugs Checking,3045,,
2/13/26,F. H. Gillingham &,58.68,posted,Restaurants,Food & Drink,FALSE,,regular,Ultimate Rewards¬Æ,1041,,
2/13/26,Dropbox,11.99,posted,Business Income,,FALSE,,regular,Credit Card,443,,
2/13/26,Cumberland Farms,31.05,posted,Groceries,Food & Drink,FALSE,,regular,Ultimate Rewards¬Æ,9759,,
2/13/26,Coursera.org,49,posted,Other,,FALSE,,regular,Ultimate Rewards¬Æ,9759,,
2/13/26,Chase Credit Crd Autopay,490.03,posted,,,FALSE,,internal transfer,Bugs Checking,3045,,
2/12/26,Springspizza,38.34,posted,Groceries,Food & Drink,FALSE,,regular,Ultimate Rewards¬Æ,1041,,
2/12/26,Pncbk Ckxfr Transfer,300,posted,,,FALSE,,internal transfer,Bugs Checking,3045,,
2/12/26,Automatic Payment - Thank,-490.03,posted,,,FALSE,,internal transfer,Credit Card,443,,
2/12/26,Apple.com-bill Internet Charge,9.99,posted,Subscriptions,Subscriptions,FALSE,,regular,Marriott Bonvoy Brilliant¬Æ American Express¬Æ Card,5005,,Apple.com-bill Internet Charge
2/11/26,Promethease.com Dna,15,posted,Other,,FALSE,,regular,Ultimate Rewards¬Æ,9759,,
2/11/26,Promethease.com Dna,15,posted,Other,,FALSE,,regular,Ultimate Rewards¬Æ,9759,,
2/11/26,Pirate Ship Posta,5.78,posted,Shelzy‚Äôs Designs,Side Hustle,FALSE,,regular,Credit Card,443,,
2/11/26,Pirate Ship Posta,5.78,posted,Shelzy‚Äôs Designs,Side Hustle,FALSE,,regular,Credit Card,443,,
2/11/26,Ic* Instacart*subscrip,107.79,posted,Groceries,Food & Drink,FALSE,,regular,Ultimate Rewards¬Æ,1041,,
2/11/26,Facebk *9hevzc,18.54,posted,Shelzy‚Äôs Designs,Side Hustle,FALSE,,regular,Ultimate Rewards¬Æ,1041,,
2/11/26,Fundrise Growth 2vt0u4m8fv9jpzo,500,posted,Other,,FALSE,,regular,Bugs Checking,3045,,
2/11/26,Coinbase Inc. 97e077c0 Rtl-zpbx62wq,4.99,posted,,,FALSE,,internal transfer,Bugs Checking,3045,,
2/11/26,Splash Car Wash Greegreenwich,47.85,posted,Other,,FALSE,,regular,Marriott Bonvoy Brilliant¬Æ American Express¬Æ Card,5005,,
2/11/26,401 W Putnam Ave 100greenwich,44.76,posted,Other,,FALSE,,regular,Marriott Bonvoy Brilliant¬Æ American Express¬Æ Card,5005,,
2/10/26,Usaa.com Paymnt Credit Crd,2632.9,posted,,,FALSE,,internal transfer,Bugs Checking,3045,,
2/10/26,Openai *chatgpt Subscr,217.75,posted,AI Subscriptions,,FALSE,,regular,Ultimate Rewards¬Æ,9759,,
2/10/26,Nuuly,102.66,posted,Restaurants,Food & Drink,FALSE,,regular,Ultimate Rewards¬Æ,1041,,
2/10/26,Hyatt - The Standard,21.15,posted,Travel & Vacation,Travel,FALSE,,regular,Ultimate Rewards¬Æ,1041,,
2/10/26,Mcdonald's,15.15,posted,Restaurants,Food & Drink,FALSE,,regular,Ultimate Rewards¬Æ,9759,,
2/10/26,Exxonmobil,63.21,posted,Shops,Shopping,FALSE,,regular,Ultimate Rewards¬Æ,9759,,
2/10/26,Elevenlabs.io,11.96,posted,Other,,FALSE,,regular,Ultimate Rewards¬Æ,9759,,
2/10/26,Dnh*godaddy,30.38,posted,Other,,FALSE,,regular,Ultimate Rewards¬Æ,9759,,
2/10/26,Amazon,9.58,posted,Amazon/Target/Walmart,,FALSE,,regular,Prime Visa,5990,,
2/10/26,Mnr Station Tix,15,posted,Transportation,,FALSE,,regular,Marriott Bonvoy Brilliant¬Æ American Express¬Æ Card,5005,,
2/9/26,Temu.com,60.68,posted,Shops,Shopping,FALSE,,regular,Prime Visa,5990,,
2/9/26,Temu.com,8.87,posted,Shops,Shopping,FALSE,,regular,Prime Visa,5990,,
2/9/26,Temu.com,3.93,posted,Shops,Shopping,FALSE,,regular,Prime Visa,5990,,
2/9/26,Temu.com,1.86,posted,Shops,Shopping,FALSE,,regular,Prime Visa,5990,,
2/9/26,Temu.com,0.82,posted,Shops,Shopping,FALSE,,regular,Prime Visa,5990,,
2/9/26,Sephora,99.08,posted,Beauty,Shopping,FALSE,,regular,Ultimate Rewards¬Æ,1041,,
2/9/26,Nycdot Parknyc,50.05,posted,Other,,FALSE,,regular,Ultimate Rewards¬Æ,9759,,
2/9/26,Nycdot Parknyc,25.05,posted,Other,,FALSE,,regular,Ultimate Rewards¬Æ,1041,,
2/9/26,Etsy.com*incomeassetco,1.2,posted,Shops,Shopping,FALSE,,regular,Credit Card,443,,
2/9/26,Maxrewards,195.92,posted,Restaurants,Food & Drink,FALSE,,regular,Ultimate Rewards¬Æ,1041,,
2/9/26,Chase Credit Crd Autopay,1852.02,posted,,,FALSE,,internal transfer,Bugs Checking,3045,,
2/9/26,Bmw Bank Bmwfs Pymt,751,posted,Other,,FALSE,,regular,Bugs Checking,3045,,
2/9/26,Cvs,15.19,posted,Pharmacy Stores,,FALSE,,regular,Marriott Bonvoy Brilliant¬Æ American Express¬Æ Card,5005,,
2/9/26,10049 Cava Greenwichgreenwich,16.42,posted,Restaurants,Food & Drink,FALSE,,regular,Marriott Bonvoy Brilliant¬Æ American Express¬Æ Card,5005,,
2/8/26,Lyft,7.8,posted,Transportation,,FALSE,,regular,Ultimate Rewards¬Æ,1041,,
2/8/26,Grubhub,47.67,posted,Dinner In,Food & Drink,FALSE,,regular,Ultimate Rewards¬Æ,9759,,
2/8/26,Cottage Deli,34.62,posted,Restaurants,Food & Drink,FALSE,,regular,Ultimate Rewards¬Æ,9759,,
2/8/26,Cvs,93.81,posted,Pharmacy Stores,,FALSE,,regular,Ultimate Rewards¬Æ,1041,,
2/8/26,Anthropologie,182.49,posted,Clothing,Shopping,FALSE,,regular,Ultimate Rewards¬Æ,9759,,
2/8/26,Automatic Payment - Thank,-1852.02,posted,,,FALSE,,internal transfer,Ultimate Rewards¬Æ,1041,,
2/8/26,Amazon Mktpl*3e2en3bo3,52.5,posted,Business Income,,FALSE,,regular,Prime Visa,5990,,
2/8/26,Alibaba.com,1369.77,posted,Shelzy‚Äôs Designs,Side Hustle,FALSE,,regular,Ultimate Rewards¬Æ,9759,,
2/8/26,"Sapna Jalan ""üèà""",20,posted,Apt Rent,Rent,FALSE,,regular,Personal Profile,,,
2/8/26,86th Street Photo,91.46,posted,Other,,FALSE,,regular,Marriott Bonvoy Brilliant¬Æ American Express¬Æ Card,5005,,
2/7/26,Apple.com-bill Internet Charge,141.51,posted,Subscriptions,Subscriptions,FALSE,,regular,Marriott Bonvoy Brilliant¬Æ American Express¬Æ Card,5005,,
2/6/26,Cl *chase Travel,43.16,posted,Travel & Vacation,Travel,FALSE,,regular,Ultimate Rewards¬Æ,1041,,
2/6/26,"Kathleen Humes ""lunch""",-20,posted,Apt Rent,Rent,FALSE,,regular,Personal Profile,,,
2/6/26,Solimans Grocery 075new,16.98,posted,Groceries,Food & Drink,FALSE,,regular,Marriott Bonvoy Brilliant¬Æ American Express¬Æ Card,5005,,
2/6/26,Melangerie 0010new,21.24,posted,Restaurants,Food & Drink,FALSE,,regular,Marriott Bonvoy Brilliant¬Æ American Express¬Æ Card,5005,,
2/5/26,Ebay O,168.56,posted,Shelzy‚Äôs Designs,Side Hustle,FALSE,,regular,Ultimate Rewards¬Æ,1041,,
2/5/26,Temu.com,104.54,posted,Shops,Shopping,FALSE,,regular,Prime Visa,5990,,
2/5/26,Netflix,8.7,posted,Subscriptions,Subscriptions,FALSE,,regular,Ultimate Rewards¬Æ,9759,,
2/5/26,1-800-flowers.com Jericho,-15,posted,Home,Shopping,FALSE,,regular,Marriott Bonvoy Brilliant¬Æ American Express¬Æ Card,5005,,
2/4/26,Target Card,30,posted,,,FALSE,,internal transfer,Bugs Checking,3045,,
2/4/26,Nys Dol Ui Dd Ui Dd,-869,posted,,,FALSE,,income,Bugs Checking,3045,,
2/4/26,Paypal Transfer,-33.52,posted,Transfer,,FALSE,,regular,Bugs Checking,3045,,
2/4/26,Madisonreed,32.08,posted,Beauty,Shopping,FALSE,,regular,Credit Card,443,,
2/4/26,Linkedin,43.54,posted,Restaurants,Food & Drink,FALSE,,regular,Ultimate Rewards¬Æ,9759,,
2/4/26,Developer Pro,27.21,posted,Business Income,,FALSE,,regular,Ultimate Rewards¬Æ,9759,,
2/4/26,Amex Brilliant Dining Credit,-25,posted,Restaurants,Food & Drink,FALSE,,regular,Marriott Bonvoy Brilliant¬Æ American Express¬Æ Card,5005,,
2/4/26,1-800-flowers.com,62.95,posted,Home,Shopping,FALSE,,regular,Marriott Bonvoy Brilliant¬Æ American Express¬Æ Card,5005,,
2/3/26,Walmart,14.1,posted,Shops,Shopping,FALSE,,regular,Credit Card,443,,
2/3/26,Tjxcompanie,83.79,posted,Shops,Shopping,FALSE,,regular,Ultimate Rewards¬Æ,9759,,
2/3/26,Fundrise Growth 2vrka21yvlkzpod,500,posted,Other,,FALSE,,regular,Bugs Checking,3045,,
2/3/26,Amazon.com*wa1v35xt3,43.45,posted,Business Income,,FALSE,,regular,Prime Visa,5990,,
2/3/26,Amazon Mktpl*584zl0ig3,15.7,posted,Business Income,,FALSE,,regular,Prime Visa,5990,,
2/2/26,Workspace,20.49,posted,Business Income,,FALSE,,regular,Ultimate Rewards¬Æ,9759,,
2/2/26,Venmo,3750,posted,,,FALSE,,internal transfer,Bugs Checking,3045,,
2/2/26,Mrdeli,32.59,posted,Groceries,Food & Drink,FALSE,,regular,Prime Visa,5990,,
2/2/26,Target Card,208.48,posted,,,FALSE,,internal transfer,Bugs Checking,3045,,
2/2/26,Pinterest Inc San Francisco Ca,75.73,posted,Restaurants,Food & Drink,FALSE,,regular,Shelzys Designs,5301,,
2/2/26,Google One,2.17,posted,AI Subscriptions,,FALSE,,regular,Ultimate Rewards¬Æ,1041,,
2/2/26,Uber Eats,45.83,posted,Food Delivery,Food & Drink,FALSE,,regular,Marriott Bonvoy Brilliant¬Æ American Express¬Æ Card,5005,,
2/2/26,Apple.com-bill Internet Charge,4.34,posted,Subscriptions,Subscriptions,FALSE,,regular,Marriott Bonvoy Brilliant¬Æ American Express¬Æ Card,5005,,
2/1/26,Tjxcompanie,27.29,posted,Shops,Shopping,FALSE,,regular,Ultimate Rewards¬Æ,9759,,
2/1/26,Kindle Svcs*ye6bq4qu3,10.66,posted,Shops,Shopping,FALSE,,regular,Prime Visa,5990,,
2/1/26,Kindle Svcs*uu6348b83,10.66,posted,Shops,Shopping,FALSE,,regular,Prime Visa,5990,,
2/1/26,Kindle Svcs*tp7z40zh3,10.66,posted,Shops,Shopping,FALSE,,regular,Prime Visa,5990,,
2/1/26,Kindle Svcs*ot04a98i3,10.66,posted,Shops,Shopping,FALSE,,regular,Prime Visa,5990,,
2/1/26,Kindle Svcs40q43,10.66,posted,Shops,Shopping,FALSE,,regular,Prime Visa,5990,,
2/1/26,Kindle Svcs,-10.66,posted,Shops,Shopping,FALSE,,regular,Prime Visa,5990,,
2/1/26,Kindle Svcs,-10.66,posted,Shops,Shopping,FALSE,,regular,Prime Visa,5990,,
2/1/26,Kindle Svcs,-10.66,posted,Shops,Shopping,FALSE,,regular,Prime Visa,5990,,
2/1/26,Kindle Svcs,-10.66,posted,Shops,Shopping,FALSE,,regular,Prime Visa,5990,,
2/1/26,Kindle Svcs,-10.66,posted,Shops,Shopping,FALSE,,regular,Prime Visa,5990,,
2/1/26,Kindle Svcs,-10.66,posted,Shops,Shopping,FALSE,,regular,Prime Visa,5990,,
2/1/26,Costco,-630.74,posted,Groceries,Food & Drink,FALSE,,regular,Ultimate Rewards¬Æ,1041,,
1/31/26,Uber Eats,69.37,posted,Food Delivery,Food & Drink,FALSE,,regular,Marriott Bonvoy Brilliant¬Æ American Express¬Æ Card,5005,,
1/31/26,"Alexis Manco ""12 Harbor Street Feb Rent 2-2""",3750,posted,Other,,FALSE,,regular,Personal Profile,,,
1/30/26,Kindle Svcs*yt4897a33,10.66,posted,Shops,Shopping,FALSE,,regular,Prime Visa,5990,,
1/30/26,Facebk *pbtmcaz,54,posted,Shelzy‚Äôs Designs,Side Hustle,FALSE,,regular,Ultimate Rewards¬Æ,1041,,
1/30/26,American Express Ach,307.75,posted,,,FALSE,,internal transfer,Bugs Checking,3045,,
1/30/26,Amazon Mktplace,-54.84,posted,Shelzy‚Äôs Designs,Side Hustle,FALSE,,regular,Prime Visa,5990,,
1/29/26,Chase Credit Crd Autopay,1421.05,posted,,,FALSE,,internal transfer,Bugs Checking,3045,,
1/28/26,Facebk *mkvyub,50,posted,Shelzy‚Äôs Designs,Side Hustle,FALSE,,regular,Ultimate Rewards¬Æ,1041,,
1/28/26,Dd *doordash Fusionexp,24.67,posted,Groceries,Food & Drink,FALSE,,regular,Ultimate Rewards¬Æ,1041,,
1/28/26,Dhgate Www.dhgate.co,30.92,posted,Shops,Shopping,FALSE,,regular,Shelzys Designs,5301,,
1/28/26,Chase Credit Crd Autopay,901.36,posted,,,FALSE,,internal transfer,Bugs Checking,3045,,
1/28/26,Amazon.com*1l13k3bs3,55.11,posted,Business Income,,FALSE,,regular,Prime Visa,5990,,
1/28/26,Automatic Payment - Thank,-1421.05,posted,,,FALSE,,internal transfer,Ultimate Rewards¬Æ,9759,,
1/28/26,Airtable.com-bill,20.14,posted,Other,,FALSE,,regular,Ultimate Rewards¬Æ,9759,,
1/27/26,Nys Dol Ui Dd Ui Dd,-869,posted,,,FALSE,,income,Bugs Checking,3045,,
1/27/26,Zapier.com-charge,239.88,posted,Other,,FALSE,,regular,Ultimate Rewards¬Æ,9759,,
1/27/26,Nys Dol Ui Dd Ui Dd,-869,posted,,,FALSE,,income,Bugs Checking,3045,,
1/27/26,Dhgate,49.6,posted,Shops,Shopping,FALSE,,regular,Ultimate Rewards¬Æ,9759,,
1/27/26,Dhgate,16.68,posted,Shops,Shopping,FALSE,,regular,Ultimate Rewards¬Æ,9759,,
1/27/26,Automatic Payment - Thank,-901.36,posted,,,FALSE,,internal transfer,Prime Visa,5990,,
1/27/26,Amazon Mktpl*gj3ho95d3,27.06,posted,Business Income,,FALSE,,regular,Prime Visa,5990,,
1/27/26,Airtable.com-bill,26.1,posted,Other,,FALSE,,regular,Ultimate Rewards¬Æ,9759,,
1/26/26,Weill Cornell Medicine Ny,400,posted,Pharmacy Stores,,FALSE,,regular,Shelzys Designs,5301,,
1/26/26,American Express Ach,175.9,posted,,,FALSE,,internal transfer,Bugs Checking,3045,,
1/26/26,Autopay Payment - Thank You,-175.9,posted,,,FALSE,,internal transfer,Marriott Bonvoy Brilliant¬Æ American Express¬Æ Card,5005,,
1/26/26,Apple.com-bill Internet Charge,72.92,posted,Subscriptions,Subscriptions,FALSE,,regular,Marriott Bonvoy Brilliant¬Æ American Express¬Æ Card,5005,,Apple.com-bill Internet Charge
1/25/26,Stop & Shop,21.49,posted,Groceries,Food & Drink,FALSE,,regular,Ultimate Rewards¬Æ,9759,,
1/25/26,Springs Wines & Liquo,30.45,posted,Groceries,Food & Drink,FALSE,,regular,Ultimate Rewards¬Æ,9759,,
1/25/26,Otter.ai,32.66,posted,Subscriptions,Subscriptions,FALSE,,regular,Ultimate Rewards¬Æ,9759,,
1/25/26,Facebk *8u8bt9z,50,posted,Shelzy‚Äôs Designs,Side Hustle,FALSE,,regular,Ultimate Rewards¬Æ,1041,,
1/23/26,Temu.com,27.27,posted,Shops,Shopping,FALSE,,regular,Ultimate Rewards¬Æ,9759,,
1/23/26,Temu.com,19.8,posted,Shops,Shopping,FALSE,,regular,Ultimate Rewards¬Æ,9759,,
1/23/26,Paypal Transfer Paypalcryptohub,102,posted,Other,,FALSE,,regular,Bugs Checking,3045,,
1/23/26,Pncbk Ckxfr P2p Michelle E Hume,-232.63,posted,,,FALSE,,internal transfer,Bugs Checking,3045,,
1/23/26,Amazon Mktpl*ct3ct75s3,10.86,posted,Business Income,,FALSE,,regular,Prime Visa,5990,,
1/23/26,Amazon Mktpl*9n78r9qf3,15.7,posted,Business Income,,FALSE,,regular,Prime Visa,5990,,
1/22/26,Wells Fargo Ifi Dda To Dda F20wj46l4d,-1000,posted,,,FALSE,,internal transfer,Bugs Checking,3045,,
1/22/26,Upwork,10.86,posted,Other,,FALSE,,regular,Ultimate Rewards¬Æ,9759,,
1/22/26,Pinterest Inc San Francisco Ca,50.94,posted,Restaurants,Food & Drink,FALSE,,regular,Shelzys Designs,5301,,
1/22/26,Racechipchi,-397.8,posted,Other,,FALSE,,regular,Credit Card,443,,
1/22/26,Cvs,14.02,posted,Pharmacy Stores,,FALSE,,regular,Ultimate Rewards¬Æ,9759,,
1/22/26,"Amazon.com, Inc. Amzn",15.12,posted,Business Income,,FALSE,,regular,Prime Visa,5990,,
1/22/26,Apple.com-bill,21.76,posted,Business Income,,FALSE,,regular,Ultimate Rewards¬Æ,9759,,
1/21/26,Temu.com,14.96,posted,Shops,Shopping,FALSE,,regular,Ultimate Rewards¬Æ,9759,,
1/21/26,Nuuly,-104.27,posted,,,FALSE,,internal transfer,Ultimate Rewards¬Æ,1041,,
1/21/26,Nuuly,-109.86,posted,,,FALSE,,internal transfer,Ultimate Rewards¬Æ,1041,,
1/21/26,Nuuly,-133.98,posted,,,FALSE,,internal transfer,Ultimate Rewards¬Æ,1041,,
1/21/26,Nuuly,-200.97,posted,,,FALSE,,internal transfer,Ultimate Rewards¬Æ,1041,,
1/21/26,Nuuly,-363.57,posted,,,FALSE,,internal transfer,Ultimate Rewards¬Æ,1041,,
1/21/26,Amazon.com,-22.34,posted,Business Income,,FALSE,,regular,Prime Visa,5990,,
1/21/26,Amazon Mktpl*9d6ib5h43,29.13,posted,Business Income,,FALSE,,regular,Prime Visa,5990,,
1/21/26,Alipayusinc,494.77,posted,Shelzy‚Äôs Designs,Side Hustle,FALSE,,regular,Ultimate Rewards¬Æ,1041,,
1/20/26,Temu.com,19.98,posted,Shops,Shopping,FALSE,,regular,Ultimate Rewards¬Æ,9759,,
1/20/26,Pinterest Ads Ca,5.72,posted,Shelzy‚Äôs Designs,Side Hustle,FALSE,,regular,Shelzys Designs,5301,,
1/20/26,American Express Ach,195,posted,,,FALSE,,internal transfer,Bugs Checking,3045,,
1/20/26,Dhgate,15.49,posted,Shops,Shopping,FALSE,,regular,Ultimate Rewards¬Æ,9759,,
1/20/26,Amazon Mktpl*u49b15q63,45.69,posted,Business Income,,FALSE,,regular,Prime Visa,5990,,
1/19/26,Turbotax,-20,posted,Other,,FALSE,,regular,Ultimate Rewards¬Æ,9759,,
1/19/26,Lyft,-0.4,posted,Transportation,,FALSE,,regular,Ultimate Rewards¬Æ,1041,,
1/19/26,Amex Brilliant Dining Credit,-25,posted,Restaurants,Food & Drink,FALSE,,regular,Marriott Bonvoy Brilliant¬Æ American Express¬Æ Card,5005,,
1/18/26,Stop & Shop,71.63,posted,Groceries,Food & Drink,FALSE,,regular,Ultimate Rewards¬Æ,9759,,
1/18/26,Nuuly,41.9,posted,Restaurants,Food & Drink,FALSE,,regular,Ultimate Rewards¬Æ,1041,,
1/18/26,Lyft,-0.79,posted,Transportation,,FALSE,,regular,Ultimate Rewards¬Æ,1041,,
1/18/26,Github Inc,10.88,posted,Other,,FALSE,,regular,Credit Card,443,,
1/18/26,Amazon.com*bo8xs4la3,57.64,posted,Business Income,,FALSE,,regular,Prime Visa,5990,,
1/18/26,Amazon Prime,16.32,posted,Amazon/Target/Walmart,,FALSE,,regular,Prime Visa,5990,,
1/18/26,Amazon Mktpl*e27en8iz3,14.13,posted,Business Income,,FALSE,,regular,Prime Visa,5990,,
1/18/26,Amazon Mktpl*916ug5t53,52.5,posted,Business Income,,FALSE,,regular,Prime Visa,5990,,
1/18/26,Uber,34.5,posted,Food Delivery,Food & Drink,FALSE,,regular,Marriott Bonvoy Brilliant¬Æ American Express¬Æ Card,5005,,
1/16/26,Dhgate,22.92,posted,Shops,Shopping,FALSE,,regular,Ultimate Rewards¬Æ,9759,,
1/16/26,Capital One Crcardpmt Ca07cd867a09e5c,2138.78,posted,,,FALSE,,internal transfer,Bugs Checking,3045,,
1/15/26,Tjxcompanie,333.61,posted,Shops,Shopping,FALSE,,regular,Credit Card,443,,
1/15/26,Dropbox,11.99,posted,Other,,FALSE,,regular,Bugs Checking,3045,,
1/15/26,Goldbergsfamou,28.35,posted,Groceries,Food & Drink,FALSE,,regular,Ultimate Rewards¬Æ,9759,,
1/15/26,Interpublic Grou Payroll,-1152.88,posted,,,FALSE,,income,Bugs Checking,3045,,
1/15/26,Claude.ai Subscription,217.5,posted,AI Subscriptions,,FALSE,,regular,Ultimate Rewards¬Æ,9759,,
1/15/26,Cvs,121.79,posted,Pharmacy Stores,,FALSE,,regular,Ultimate Rewards¬Æ,1041,,
1/14/26,Venmo,-1200,posted,,,FALSE,,internal transfer,Bugs Checking,3045,,
1/14/26,Venmo,144,posted,,,FALSE,,internal transfer,Bugs Checking,3045,,
1/14/26,Reformation,-142.51,posted,Clothing,Shopping,FALSE,,regular,Ultimate Rewards¬Æ,9759,,
1/14/26,Pncbk Ckxfr P2p Michelle E Hume,-1500,posted,,,FALSE,,internal transfer,Bugs Checking,3045,,
1/14/26,Link2govcor Us Tr,200,posted,Other,,FALSE,,regular,Ultimate Rewards¬Æ,9759,,
1/14/26,Madisonreed,30.4,posted,Beauty,Shopping,FALSE,,regular,Credit Card,443,,
1/14/26,Link2govcor L2g S,5.78,posted,Other,,FALSE,,regular,Ultimate Rewards¬Æ,9759,,
1/14/26,Irs Usataxpymt,1000,posted,,,FALSE,,regular,Bugs Checking,3045,,
1/14/26,Cash App*michelle Hume Oakland Ca,-5.84,posted,,,FALSE,,internal transfer,Shelzys Designs,5301,,
1/14/26,Turbotax,125.06,posted,Other,,FALSE,,regular,Ultimate Rewards¬Æ,9759,,
1/14/26,Uber,16.84,posted,Transportation,,FALSE,,regular,Marriott Bonvoy Brilliant¬Æ American Express¬Æ Card,5005,,
1/13/26,Remote Online Deposit,-237.45,posted,,,FALSE,,income,Bugs Checking,3045,,
1/13/26,Link.com Orig Desc Date: Co Entry Descr:cash Back Sec:ccd Trace#::260113 Ind-q2u0v1t6v3m9 Ind Name:shelzy S Designs Llc Trn: Tc,-5,posted,,,FALSE,,income,Shelzys Designs,5301,,
1/13/26,"Notion Labs, Inc",26.1,posted,Shops,Shopping,FALSE,,regular,Ultimate Rewards¬Æ,9759,,
1/13/26,Amazon,9.57,posted,Amazon/Target/Walmart,,FALSE,,regular,Prime Visa,5990,,
1/13/26,"Christine Gerwe ""ainslie""",144,posted,Apt Rent,Rent,FALSE,,regular,Personal Profile,,,
1/13/26,Standard,1200,posted,Apt Rent,Rent,FALSE,,regular,Personal Profile,,,
1/13/26,Michelle E Hume P2p Chasbk Ckxfr Ach Web Payment,-100,posted,,,FALSE,,internal transfer,Interest Checking,1583,,
1/13/26,0747 Transfer Chasbk Ckxfr Ach,1500,posted,,,FALSE,,internal transfer,Interest Checking,1583,,
1/12/26,Wells Fargo Ifi Dda To Dda F20wdkybzh,-5000,posted,,,FALSE,,internal transfer,Bugs Checking,3045,,
1/12/26,5 Spring,52.26,posted,Restaurants,Food & Drink,FALSE,,regular,Ultimate Rewards¬Æ,1041,,
1/12/26,Robinhood,200,posted,,,FALSE,,internal transfer,Bugs Checking,3045,,
1/12/26,Robinhood,200,posted,,,FALSE,,internal transfer,Bugs Checking,3045,,
1/12/26,Robinhood,100,posted,,,FALSE,,internal transfer,Bugs Checking,3045,,
1/12/26,Paypal Transfer Paypalcryptohub,102,posted,Other,,FALSE,,regular,Bugs Checking,3045,,
1/12/26,Lyft,-0.4,posted,Transportation,,FALSE,,regular,Ultimate Rewards¬Æ,1041,,
1/12/26,Lyft,-0.79,posted,Transportation,,FALSE,,regular,Ultimate Rewards¬Æ,1041,,
1/12/26,Coinbase Inc. A8f509e1 Rtl-4valws2k,4.99,posted,,,FALSE,,internal transfer,Bugs Checking,3045,,
1/12/26,Temu.com,-0.04,posted,Shops,Shopping,FALSE,,regular,Marriott Bonvoy Brilliant¬Æ American Express¬Æ Card,5005,,
1/12/26,Temu.com,-0.05,posted,Shops,Shopping,FALSE,,regular,Marriott Bonvoy Brilliant¬Æ American Express¬Æ Card,5005,,
1/12/26,Temu.com,60.8,posted,Shops,Shopping,FALSE,,regular,Marriott Bonvoy Brilliant¬Æ American Express¬Æ Card,5005,,
1/12/26,Apple.com-bill Internet Charge,9.99,posted,Subscriptions,Subscriptions,FALSE,,regular,Marriott Bonvoy Brilliant¬Æ American Express¬Æ Card,5005,,Apple.com-bill Internet Charge
1/11/26,Openai *chatgpt Subscr,217.75,posted,AI Subscriptions,,FALSE,,regular,Ultimate Rewards¬Æ,9759,,
1/11/26,Lyft,-0.79,posted,Transportation,,FALSE,,regular,Ultimate Rewards¬Æ,1041,,
1/11/26,Nuuly,102.66,posted,Restaurants,Food & Drink,FALSE,,regular,Ultimate Rewards¬Æ,1041,,
1/9/26,Robinhood,200,posted,,,FALSE,,internal transfer,Bugs Checking,3045,,
1/9/26,Paypal Transfer Paypalcryptohub,51.1,posted,Other,,FALSE,,regular,Bugs Checking,3045,,
1/9/26,Paypal Transfer Add To Balance,50,posted,Other,,FALSE,,regular,Bugs Checking,3045,,
1/9/26,Robinhood,200,posted,,,FALSE,,internal transfer,Interest Checking,1583,,
1/9/26,Robinhood,25,posted,,,FALSE,,internal transfer,Interest Checking,1583,,
1/9/26,Reverse Ach Single,-2539,posted,,,FALSE,,internal transfer,Interest Checking,1583,,
1/9/26,Michelle E Hume P2p Chasbk Ckxfr Ach Web Payment,-2000,posted,,,FALSE,,internal transfer,Interest Checking,1583,,
1/8/26,Robinhood,200,posted,,,FALSE,,internal transfer,Bugs Checking,3045,,
1/8/26,Robinhood,100,posted,,,FALSE,,internal transfer,Bugs Checking,3045,,
1/8/26,Pncbk Ckxfr Transfer,100,posted,,,FALSE,,internal transfer,Bugs Checking,3045,,
1/8/26,Amazon Mktpl*gb9pw2lj3,57.11,posted,Business Income,,FALSE,,regular,Prime Visa,5990,,
1/8/26,"Quinn Drinan ""better Late Than Never‚Ä¶ Whoops! Sorry And Congrats Again Love Birds!!""",-500,posted,Apt Rent,Rent,FALSE,,regular,Personal Profile,,,
1/8/26,1771 Retry Pymtusaa.com Paymnt Ach Usaa.com Pymt,2539,posted,,,FALSE,,internal transfer,Interest Checking,1583,,
1/7/26,Lyft,-0.79,posted,Transportation,,FALSE,,regular,Ultimate Rewards¬Æ,1041,,
1/7/26,Rtl-jycvq2eb Accdf1d8 Coinbase Inc. Ach,10,posted,,,FALSE,,internal transfer,Interest Checking,1583,,
1/6/26,Villa Italian Specialties,31.6,posted,Restaurants,Food & Drink,FALSE,,regular,Ultimate Rewards¬Æ,1041,,
1/6/26,Shelzys Designs Bluevine Ccd,200,posted,Other,,FALSE,,regular,Bugs Checking,3045,,
1/6/26,Pncbk Ckxfr Transfer,2000,posted,,,FALSE,,internal transfer,Bugs Checking,3045,,
1/6/26,Shopify,46.68,posted,Shelzy‚Äôs Designs,Side Hustle,FALSE,,regular,Ultimate Rewards¬Æ,1041,,
1/6/26,Pncbk Ckxfr P2p Michelle E Hume,-322.46,posted,,,FALSE,,internal transfer,Bugs Checking,3045,,
1/6/26,Cash App*michelle Humes Oakland Ca,100,posted,,,FALSE,,internal transfer,Shelzys Designs,5301,,
1/6/26,Lyft,-1.58,posted,Transportation,,FALSE,,regular,Ultimate Rewards¬Æ,1041,,
1/6/26,Amazon Mktplace,-14.07,posted,Shelzy‚Äôs Designs,Side Hustle,FALSE,,regular,Prime Visa,5990,,
1/6/26,Amazon Mktpl*yq1e53ip3,30.44,posted,Business Income,,FALSE,,regular,Prime Visa,5990,,
1/6/26,Amazon Mktplp8r43,26.97,posted,Business Income,,FALSE,,regular,Prime Visa,5990,,
1/6/26,Coinbase,19,posted,,,FALSE,,internal transfer,Interest Checking,1583,,
1/6/26,Rtp Received Amazon.com 01-05,-14.44,posted,Business Income,,FALSE,,regular,Interest Checking,1583,,
1/6/26,Rtp Received Amazon.com 01-03,-172.19,posted,Business Income,,FALSE,,regular,Interest Checking,1583,,
1/6/26,Rtl-n8fvs66n 5f25aec3 Coinbase Inc. Ach,100,posted,,,FALSE,,internal transfer,Interest Checking,1583,,
1/6/26,Reverse Ach Single,-2539,posted,,,FALSE,,internal transfer,Interest Checking,1583,,
1/5/26,"Real Time Payment Credit Recd From Aba-contr Bnk From: Stripe, Inc.-stripe Inc. Ref: St-9hfund1zniad4jpvh Info: Text--vxr-00100000243210901rmtinf-st-9hfund1zniad4jpvhs8q Link.com Account Verification Iid: 20260104121000248p1bpfao Recd: 20:12:33 Trn: 1502592004gb",-0.01,posted,,,FALSE,,income,Shelzys Designs,5301,,
1/5/26,Paypal Transfer,-255.86,posted,Transfer,,FALSE,,regular,Bugs Checking,3045,,
1/5/26,Paypal Transfer Paypalcryptohub,204,posted,Other,,FALSE,,regular,Bugs Checking,3045,,
1/5/26,Paypal Transfer,-383.25,posted,Transfer,,FALSE,,regular,Bugs Checking,3045,,
1/5/26,Otter.ai,18.5,posted,Subscriptions,Subscriptions,FALSE,,regular,Ultimate Rewards¬Æ,9759,,
1/5/26,Runway Orig Desc Date: Co Entry Descr:runway Stasec:web Trace#::260105 Ind-a8c7r0k1z3t9 Ind Name:shelzy S Designs Llc Trn: Tc,16.31,posted,Clothing,Shopping,FALSE,,regular,Shelzys Designs,5301,,
1/5/26,Coinbase,200,posted,,,FALSE,,internal transfer,Bugs Checking,3045,,
1/5/26,Long Island Aquarium (po,10.6,posted,Entertainment,Fun,FALSE,,regular,Ultimate Rewards¬Æ,1041,,
1/5/26,Coinbase Inc. 92ec7a11 Rtl-8xd6kzhh,200,posted,,,FALSE,,internal transfer,Bugs Checking,3045,,
1/5/26,Coinbase Inc. 1cd85729 Rtl-z5xafyxd,300,posted,,,FALSE,,internal transfer,Bugs Checking,3045,,
1/5/26,Coinbase Inc. 1cd85729 Rtl-x9ywcvhm,200,posted,,,FALSE,,internal transfer,Bugs Checking,3045,,
1/5/26,Coinbase Inc. 1cd85729 Rtl-kcshr5ar,200,posted,,,FALSE,,internal transfer,Bugs Checking,3045,,
1/5/26,American Express Ach,45.71,posted,,,FALSE,,internal transfer,Bugs Checking,3045,,
1/5/26,American Express Ach,1275.09,posted,,,FALSE,,internal transfer,Bugs Checking,3045,,
1/4/26,Svcsgdp.0743-5,27.21,posted,Business Income,,FALSE,,regular,Ultimate Rewards¬Æ,9759,,
1/4/26,Nuuly,363.57,posted,Restaurants,Food & Drink,FALSE,,regular,Ultimate Rewards¬Æ,1041,,
1/4/26,Nuuly,200.97,posted,Restaurants,Food & Drink,FALSE,,regular,Ultimate Rewards¬Æ,1041,,
1/4/26,Nuuly,133.98,posted,Restaurants,Food & Drink,FALSE,,regular,Ultimate Rewards¬Æ,1041,,
1/4/26,Nuuly,109.86,posted,Restaurants,Food & Drink,FALSE,,regular,Ultimate Rewards¬Æ,1041,,
1/4/26,Nuuly,104.27,posted,Restaurants,Food & Drink,FALSE,,regular,Ultimate Rewards¬Æ,1041,,
1/4/26,Nuuly,80.07,posted,Restaurants,Food & Drink,FALSE,,regular,Ultimate Rewards¬Æ,1041,,
1/4/26,Lyft,216.66,posted,Transportation,,FALSE,,regular,Ultimate Rewards¬Æ,1041,,
1/4/26,Lovable,27.19,posted,Restaurants,Food & Drink,FALSE,,regular,Ultimate Rewards¬Æ,9759,,
1/4/26,Amazon Mktplace,-47.85,posted,Shelzy‚Äôs Designs,Side Hustle,FALSE,,regular,Prime Visa,5990,,
1/4/26,Amazon Mktplace,-20.34,posted,Shelzy‚Äôs Designs,Side Hustle,FALSE,,regular,Prime Visa,5990,,
1/4/26,Amazon Mktplace,-65.2,posted,Shelzy‚Äôs Designs,Side Hustle,FALSE,,regular,Prime Visa,5990,,
1/4/26,Amazon Mktpl*ox3yh7kf3,14.07,posted,Business Income,,FALSE,,regular,Prime Visa,5990,,
1/3/26,Hulu,12.99,posted,Subscriptions,Subscriptions,FALSE,,regular,Marriott Bonvoy Brilliant¬Æ American Express¬Æ Card,5005,,
1/3/26,1771 Credit Crdusaa.com Paymnt Ach Usaa.com Crd,2539,posted,,,FALSE,,internal transfer,Interest Checking,1583,,
1/3/26,4593 Transfer Chasbk Ckxfr Ach,322.46,posted,,,FALSE,,internal transfer,Interest Checking,1583,,
1/2/26,Purchase Interest Charge,55.09,posted,Fee,Financial Payments,FALSE,,regular,Ultimate Rewards¬Æ,9759,,
1/2/26,Online Transfer From Chk,-172.19,posted,,,FALSE,,internal transfer,Shelzys Designs,5301,,
1/2/26,Online Transfer To Chk,172.19,posted,,,FALSE,,internal transfer,Bugs Checking,3045,,
1/2/26,Etsy.com*us,10.86,posted,Shops,Shopping,FALSE,,regular,Credit Card,443,,
1/1/26,Shopify,42.47,posted,Shelzy‚Äôs Designs,Side Hustle,FALSE,,regular,Ultimate Rewards¬Æ,1041,,
1/1/26,Lord Camden Inn,1470.57,posted,Travel & Vacation,Travel,FALSE,,regular,Ultimate Rewards¬Æ,1041,,
12/31/25,Shelzys Designs Bluevine Ccd,-68.96,posted,Other,,FALSE,,regular,Bugs Checking,3045,,
12/31/25,Reformation,142.51,posted,Clothing,Shopping,FALSE,,regular,Ultimate Rewards¬Æ,9759,,
12/31/25,Online Transfer To Chk,2000,posted,,,FALSE,,internal transfer,Bugs Checking,3045,,
12/31/25,Online Transfer To Chk,322.46,posted,,,FALSE,,internal transfer,Bugs Checking,3045,,
12/31/25,Online Transfer From Chk,-2000,posted,,,FALSE,,internal transfer,Shelzys Designs,5301,,
12/31/25,Online Transfer From Chk,-322.46,posted,,,FALSE,,internal transfer,Shelzys Designs,5301,,
12/31/25,Optum Bank Reimbur,-166.67,posted,,,FALSE,,internal transfer,Bugs Checking,3045,,
12/31/25,Fid Bkg Svc Llc Moneyline Z Rexi1,20,posted,,,FALSE,,internal transfer,Bugs Checking,3045,,
12/31/25,Walmart,14.1,posted,Shops,Shopping,FALSE,,regular,Platinum Card¬Æ,7008,,
12/31/25,7506 Ext Trnsfrjpmorgan Chase Ach Credit Jpmorgan Trnsfr,-200,posted,,,FALSE,,internal transfer,Interest Checking,1583,,
12/31/25,1771 Credit Crdusaa.com Paymnt Ach Usaa.com Crd,1146,posted,,,FALSE,,internal transfer,Interest Checking,1583,,
12/30/25,Sp Six Stories,64.98,posted,Clothing,Shopping,FALSE,,regular,Ultimate Rewards¬Æ,9759,,
12/30/25,Sp Legacybox.com,5.43,posted,Clothing,Shopping,FALSE,,regular,Ultimate Rewards¬Æ,9759,,
12/30/25,Online Transfer To Chk,68.96,posted,,,FALSE,,internal transfer,Bugs Checking,3045,,
12/30/25,Online Transfer From Chk,-68.96,posted,,,FALSE,,internal transfer,Shelzys Designs,5301,,
12/30/25,Nuuly,-73.03,posted,,,FALSE,,internal transfer,Ultimate Rewards¬Æ,1041,,
12/30/25,Interpublic Grou Payroll,-5568.75,posted,,,FALSE,,income,Bugs Checking,3045,,
12/30/25,Amazon Mktplace,-21.34,posted,Shelzy‚Äôs Designs,Side Hustle,FALSE,,regular,Prime Visa,5990,,
12/30/25,Amazon Mktplace,-24.54,posted,Shelzy‚Äôs Designs,Side Hustle,FALSE,,regular,Prime Visa,5990,,
12/30/25,Linkedin,43.54,posted,Other,,FALSE,,regular,Amex EveryDay¬Æ Preferred,2001,,
12/30/25,Amex Epayment Ach,3.18,posted,,,FALSE,,internal transfer,High Yield Savings Account,4228,,
12/30/25,Amex Epayment Ach,0.8,posted,,,FALSE,,internal transfer,High Yield Savings Account,4228,,
12/30/25,"Kempton Coady ""mtk League - Well Done !""",-700,posted,Apt Rent,Rent,FALSE,,regular,Personal Profile,,,
12/30/25,Rtp Received Michelle E Humes 12-29,-122,posted,,,FALSE,,internal transfer,Interest Checking,1583,,
12/29/25,Online Transfer  Michelle Checking ######1583 Transaction #:,200,posted,,,FALSE,,internal transfer,Bugs Checking,3045,,
12/29/25,Online Realtime Transfer To Michelle Checking 1583 Reference#:,122,posted,,,FALSE,,internal transfer,Bugs Checking,3045,,
12/29/25,Mobile Payment - Thank You,-3.18,posted,,,FALSE,,internal transfer,Marriott Bonvoy Brilliant¬Æ American Express¬Æ Card,5005,,
12/29/25,Ouraring Inc,6.52,posted,Subscriptions,Subscriptions,FALSE,,regular,Platinum Card¬Æ,7008,,Ouraring
12/28/25,Usps Kiosk,58.5,posted,Shelzy‚Äôs Designs,Side Hustle,FALSE,,regular,Ultimate Rewards¬Æ,9759,,
12/28/25,Usps Kiosk,1.16,posted,Shelzy‚Äôs Designs,Side Hustle,FALSE,,regular,Ultimate Rewards¬Æ,9759,,
12/28/25,Amazon Mktpl*v91p68sa3,64,posted,Business Income,,FALSE,,regular,Prime Visa,5990,,
12/28/25,Amazon Mktpl*ue6021dn3,155.04,posted,Business Income,,FALSE,,regular,Prime Visa,5990,,
12/28/25,Adobe,-21.76,posted,Shops,Shopping,FALSE,,regular,Ultimate Rewards¬Æ,9759,,
12/28/25,Adobe,-21.76,posted,Shops,Shopping,FALSE,,regular,Ultimate Rewards¬Æ,9759,,
12/28/25,Adobe,-21.76,posted,Shops,Shopping,FALSE,,regular,Ultimate Rewards¬Æ,9759,,
12/28/25,Adobe,-21.76,posted,Shops,Shopping,FALSE,,regular,Ultimate Rewards¬Æ,9759,,
12/28/25,Turbotax,87,posted,,,FALSE,,regular,Marriott Bonvoy Brilliant¬Æ American Express¬Æ Card,5005,,
12/28/25,Wp*wordpress 4e3z7pasan Francisco,52.26,posted,Other,,FALSE,,regular,Platinum Card¬Æ,7008,,
12/28/25,Google One,2.17,posted,AI Subscriptions,,FALSE,,regular,Amex EveryDay¬Æ Preferred,2001,,
12/28/25,Interest Payment,-0.01,posted,,,FALSE,,income,High Yield Savings Account,4228,,
12/27/25,Apple.com-bill Internet Charge,70.76,posted,Subscriptions,Subscriptions,FALSE,,regular,Platinum Card¬Æ,7008,,Apple.com-bill Internet Charge
12/26/25,American Express Ach,598.93,posted,,,FALSE,,internal transfer,Bugs Checking,3045,,
12/26/25,Deposit Id Number,-38000,posted,,,FALSE,,income,Bugs Checking,3045,,
12/26/25,Interest Charge On Pay Over Time Purchases,20.29,posted,Fee,Financial Payments,FALSE,,regular,Platinum Card¬Æ,7008,,
12/25/25,Minted Llc,-197.55,posted,Shops,Shopping,FALSE,,regular,Ultimate Rewards¬Æ,9759,,
12/24/25,Usaa.com Paymnt Credit Crd,37,posted,,,FALSE,,internal transfer,Bugs Checking,3045,,
12/24/25,Racechipchi,397.8,posted,Other,,FALSE,,regular,Credit Card,443,,
12/24/25,Romanhealth,-145,posted,Other,,FALSE,,regular,Ultimate Rewards¬Æ,9759,,
12/24/25,Madisonreed,32.08,posted,Beauty,Shopping,FALSE,,regular,Credit Card,443,,
12/24/25,Amazon.com*wu6fv2hw3,42.68,posted,Business Income,,FALSE,,regular,Prime Visa,5990,,
12/24/25,Amazon Mktpl*yc4hx8wa3,5.33,posted,Business Income,,FALSE,,regular,Prime Visa,5990,,
12/24/25,Amazon Mktpl*h92oy,29.95,posted,Business Income,,FALSE,,regular,Prime Visa,5990,,
12/24/25,Amazon Mktpl*5t5vk07g3,19.2,posted,Business Income,,FALSE,,regular,Prime Visa,5990,,
12/23/25,Zelle Payment From Terri Humes Pncaa0wlu73m,-846,posted,,,FALSE,,internal transfer,Bugs Checking,3045,,
12/23/25,Sp Rhoback,96.4,posted,Restaurants,Food & Drink,FALSE,,regular,Ultimate Rewards¬Æ,9759,,
12/23/25,Lyft,70.27,posted,Transportation,,FALSE,,regular,Ultimate Rewards¬Æ,1041,,
12/23/25,Pipo Sg Pte Lt Iat Paypal,25.99,posted,Investments,Investments,FALSE,,regular,Bugs Checking,3045,,Paypal Transfer Paypalcryptohub
12/23/25,Cpi*avi Foodsystems Inc,2.1,posted,Other,,FALSE,,regular,Ultimate Rewards¬Æ,1041,,
12/23/25,Cpi*avi Foodsystems Inc,0.95,posted,Other,,FALSE,,regular,Ultimate Rewards¬Æ,1041,,
12/23/25,Adobe,-25.03,posted,Shops,Shopping,FALSE,,regular,Ultimate Rewards¬Æ,9759,,
12/23/25,Returned Check-decliank Transactions,217.9,posted,Other,,FALSE,,regular,Platinum Card¬Æ,7008,,
12/22/25,Zelle Payment From Ups Capital Insurance Agency Inc Cqp11lmrfe2h,-115.45,posted,Shelzy‚Äôs Designs,Side Hustle,FALSE,,regular,Bugs Checking,3045,,
12/22/25,Www.perplexity.ai,43.55,posted,Restaurants,Food & Drink,FALSE,,regular,Credit Card,443,,
12/22/25,Minted Llc,258.93,posted,Shops,Shopping,FALSE,,regular,Ultimate Rewards¬Æ,9759,,
12/22/25,Sp Rhoback,116.78,posted,Restaurants,Food & Drink,FALSE,,regular,Ultimate Rewards¬Æ,9759,,
12/22/25,Amazon Mktpl*ug7lf1wg3,8.99,posted,Business Income,,FALSE,,regular,Prime Visa,5990,,
12/22/25,Amazon Mktpl*zi0ff9ox3,192.07,posted,Business Income,,FALSE,,regular,Prime Visa,5990,,
12/21/25,Goldbergsfamou,27.82,posted,Groceries,Food & Drink,FALSE,,regular,Ultimate Rewards¬Æ,9759,,
12/21/25,Wifionboard,49.95,posted,Travel & Vacation,Travel,FALSE,,regular,Ultimate Rewards¬Æ,1041,,
12/21/25,New York Magazine,8,posted,Subscriptions,Subscriptions,FALSE,,regular,Ultimate Rewards¬Æ,1041,,
12/21/25,Mpix,135.84,posted,Restaurants,Food & Drink,FALSE,,regular,Ultimate Rewards¬Æ,9759,,
12/21/25,Ic* Instacart,87.1,posted,Groceries,Food & Drink,FALSE,,regular,Ultimate Rewards¬Æ,9759,,
12/21/25,Ic* Instacart,1.36,posted,Groceries,Food & Drink,FALSE,,regular,Ultimate Rewards¬Æ,9759,,
12/21/25,Ic* Instacart,66.95,posted,Groceries,Food & Drink,FALSE,,regular,Ultimate Rewards¬Æ,1041,,
12/21/25,Amazon.com*6v25b,20.99,posted,Business Income,,FALSE,,regular,Prime Visa,5990,,
12/21/25,Adobe,25.03,posted,Shops,Shopping,FALSE,,regular,Ultimate Rewards¬Æ,9759,,
12/19/25,Uber Eats,69.37,posted,Food Delivery,Food & Drink,FALSE,,regular,Ultimate Rewards¬Æ,1041,,
12/19/25,Shelzys Designs Bluevine Ccd,20,posted,Other,,FALSE,,regular,Bugs Checking,3045,,
12/19/25,Paypal Inst Xfer Adobe Inc Adobe,76.2,posted,Shops,Shopping,FALSE,,regular,Bugs Checking,3045,,
12/19/25,Profilephoto App,3.49,posted,Other,,FALSE,,regular,Ultimate Rewards¬Æ,9759,,
12/19/25,Paddle.net* Erank,103.3,posted,Other,,FALSE,,regular,Ultimate Rewards¬Æ,9759,,
12/19/25,Amazon Mktpl*xj91w1ap3,86.99,posted,Business Income,,FALSE,,regular,Prime Visa,5990,,
12/19/25,0435 Epay Chase Credit Crd Ach,6913.11,posted,,,FALSE,,internal transfer,Interest Checking,1583,,
12/19/25,9648 Epay Chase Credit Crd Ach,1841.24,posted,,,FALSE,,internal transfer,Interest Checking,1583,,
12/18/25,T.j.maxx,-140.04,posted,Clothing,Shopping,FALSE,,regular,Ultimate Rewards¬Æ,9759,,
12/18/25,Optum Bank Reimbur,-166.69,posted,,,FALSE,,internal transfer,Bugs Checking,3045,,
12/18/25,Minted Llc,235.61,posted,Shops,Shopping,FALSE,,regular,Ultimate Rewards¬Æ,9759,,
12/18/25,Github Inc,10.53,posted,Other,,FALSE,,regular,Credit Card,443,,
12/18/25,Homegoods,-2.19,posted,Home,Shopping,FALSE,,regular,Ultimate Rewards¬Æ,9759,,
12/18/25,Etsy,29,posted,Business Income,,FALSE,,regular,Credit Card,443,,
12/18/25,Amazon Prime,16.32,posted,Amazon/Target/Walmart,,FALSE,,regular,Prime Visa,5990,,
12/18/25,Adobe,-10.88,posted,Shops,Shopping,FALSE,,regular,Ultimate Rewards¬Æ,9759,,
12/18/25,Cr Adj - Ret Check Fee,-29,posted,Other,,FALSE,,regular,Platinum Card¬Æ,7008,,
12/18/25,Online Transfer From Xxxxx,-9900,posted,,,FALSE,,internal transfer,Interest Checking,1583,,
12/18/25,1904 Epay Chase Credit Crd Ach,5122,posted,,,FALSE,,internal transfer,Interest Checking,1583,,
12/17/25,Payment Thank You-mobile,-6913.11,posted,,,FALSE,,internal transfer,Credit Card,443,,
12/17/25,Walgreens,5.44,posted,Pharmacy Stores,,FALSE,,regular,Ultimate Rewards¬Æ,9759,,
12/17/25,Payment Thank You-mobile,-1841.24,posted,,,FALSE,,internal transfer,Ultimate Rewards¬Æ,9759,,
12/17/25,Payyourselfback Credit,-19.38,posted,,,FALSE,,internal transfer,Ultimate Rewards¬Æ,1041,,
12/17/25,Amazon Payments,92.43,posted,Shops,Shopping,FALSE,,regular,Prime Visa,5990,,
12/17/25,Ls The Hampton Bottle,27.19,posted,Bars & Nightlife,Food & Drink,FALSE,,regular,Ultimate Rewards¬Æ,9759,,
12/17/25,Amazon Mktpl*rs2tg0sl3,9.62,posted,Business Income,,FALSE,,regular,Prime Visa,5990,,
12/17/25,Amazon Mktpl*o42r33hu3,9.62,posted,Business Income,,FALSE,,regular,Prime Visa,5990,,
12/17/25,Amazon Mktpl*dj2ft3in3,14.97,posted,Business Income,,FALSE,,regular,Prime Visa,5990,,
12/17/25,Amazon Mktpl*d19j77na3,10.69,posted,Business Income,,FALSE,,regular,Prime Visa,5990,,
12/17/25,Return Payment Fee,29,posted,Other,,FALSE,,regular,Platinum Card¬Æ,7008,,
12/17/25,Sp Blueland,22.73,posted,Restaurants,Food & Drink,FALSE,,regular,Platinum Card¬Æ,7008,,
12/17/25,Online Transfer From Xxxxx,-5100,posted,,,FALSE,,internal transfer,Interest Checking,1583,,
12/16/25,Payment To Chase Card,600,posted,,,FALSE,,internal transfer,Bugs Checking,3045,,
12/16/25,Payment Thank You-mobile,-600,posted,,,FALSE,,internal transfer,Credit Card,443,,
12/16/25,Amazon,9.69,posted,Amazon/Target/Walmart,,FALSE,,regular,Prime Visa,5990,,
12/16/25,Payment Thank You-mobile,-5122,posted,,,FALSE,,internal transfer,Ultimate Rewards¬Æ,9759,,
12/15/25,Payment To Chase Card,2000,posted,,,FALSE,,internal transfer,Bugs Checking,3045,,
12/15/25,Payment To Chase Card,510.48,posted,,,FALSE,,internal transfer,Bugs Checking,3045,,
12/15/25,Payment To Chase Card,306.69,posted,,,FALSE,,internal transfer,Bugs Checking,3045,,
12/15/25,Payment Thank You-mobile,-510.48,posted,,,FALSE,,internal transfer,Prime Visa,5990,,
12/15/25,Payment To Chase Card,750,posted,,,FALSE,,internal transfer,Bugs Checking,3045,,
12/15/25,Payment Thank You-mobile,-306.69,posted,,,FALSE,,internal transfer,Ultimate Rewards¬Æ,1041,,
12/15/25,Purchase Interest Charge,125.54,posted,Fee,Financial Payments,FALSE,,regular,Credit Card,443,,
12/15/25,Payment Thank You-mobile,-750,posted,,,FALSE,,internal transfer,Credit Card,443,,
12/15/25,Payment Thank You-mobile,-2000,posted,,,FALSE,,internal transfer,Ultimate Rewards¬Æ,9759,,
12/15/25,Interpublic Grou Payroll,-5568.74,posted,,,FALSE,,income,Bugs Checking,3045,,
12/15/25,Lyft,25.57,posted,Transportation,,FALSE,,regular,Ultimate Rewards¬Æ,1041,,
12/15/25,Bedford Bottle Shoppe,67.49,posted,Groceries,Food & Drink,FALSE,,regular,Ultimate Rewards¬Æ,9759,,
12/15/25,Crossroads Wine & Spirits,41.26,posted,Groceries,Food & Drink,FALSE,,regular,Ultimate Rewards¬Æ,9759,,
12/15/25,American Express Ach,950.89,posted,,,FALSE,,internal transfer,Bugs Checking,3045,,
12/15/25,American Express Ach,73.71,posted,,,FALSE,,internal transfer,Bugs Checking,3045,,
12/15/25,American Express Ach,63.75,posted,,,FALSE,,internal transfer,Bugs Checking,3045,,
12/15/25,American Express Ach,40,posted,,,FALSE,,internal transfer,Bugs Checking,3045,,
12/15/25,Online Payment - Thank You,-63.75,posted,,,FALSE,,internal transfer,Marriott Bonvoy Brilliant¬Æ American Express¬Æ Card,5005,,
12/15/25,Online Payment - Thank You,-73.71,posted,,,FALSE,,internal transfer,Amex EveryDay¬Æ Preferred,2001,,
12/15/25,Online Payment - Thank You,-217.9,posted,,,FALSE,,internal transfer,Platinum Card¬Æ,7008,,
12/15/25,Online Payment - Thank You,-950.89,posted,,,FALSE,,internal transfer,American Express Gold Card,5003,,
12/15/25,New York Marriott Atbrooklyn,68.84,posted,Travel & Vacation,Travel,FALSE,,regular,Marriott Bonvoy Brilliant¬Æ American Express¬Æ Card,5005,,
12/14/25,T.j.maxx,154.17,posted,Clothing,Shopping,FALSE,,regular,Ultimate Rewards¬Æ,9759,,
12/14/25,Homegoods,45.7,posted,Home,Shopping,FALSE,,regular,Ultimate Rewards¬Æ,9759,,
12/14/25,Cvs,35.4,posted,Pharmacy Stores,,FALSE,,regular,Ultimate Rewards¬Æ,9759,,
12/14/25,Grammarly* Xekon0p,144,posted,Other,,FALSE,,regular,Ultimate Rewards¬Æ,1041,,
12/14/25,Amazon.com*nt2ej8wo3,22.34,posted,Business Income,,FALSE,,regular,Prime Visa,5990,,
12/14/25,Cvs,4.36,posted,Pharmacy Stores,,FALSE,,regular,Ultimate Rewards¬Æ,9759,,
12/14/25,Amazon.com*7k89b4id3,112.98,posted,Business Income,,FALSE,,regular,Prime Visa,5990,,
12/14/25,Adobe,10.88,posted,Shops,Shopping,FALSE,,regular,Ultimate Rewards¬Æ,9759,,
12/14/25,Apple.com-bill Internet Charge,71.85,posted,Subscriptions,Subscriptions,FALSE,,regular,Platinum Card¬Æ,7008,,Apple.com-bill Internet Charge
12/14/25,Uber Eats,8.69,posted,Food Delivery,Food & Drink,FALSE,,regular,Platinum Card¬Æ,7008,,
12/14/25,Aplpay New York Marrbrooklyn,10.34,posted,Travel & Vacation,Travel,FALSE,,regular,Marriott Bonvoy Brilliant¬Æ American Express¬Æ Card,5005,,
12/14/25,Claude.ai Subscriptisan Francisco,217.75,posted,Other,,FALSE,,regular,American Express Gold Card,5003,,
12/13/25,Autopay Payment - Thank You,-40,posted,,,FALSE,,internal transfer,Platinum Card¬Æ,7008,,
12/13/25,Dropbox,11.99,posted,Other,,FALSE,,regular,American Express Gold Card,5003,,
12/12/25,Instacart,36.45,posted,Groceries,Food & Drink,FALSE,,regular,Ultimate Rewards¬Æ,1041,,
12/12/25,Instacart,105.79,posted,Groceries,Food & Drink,FALSE,,regular,Ultimate Rewards¬Æ,1041,,
12/12/25,Apple.com-bill Internet Charge,9.99,posted,Subscriptions,Subscriptions,FALSE,,regular,Platinum Card¬Æ,7008,,Apple.com-bill Internet Charge
12/11/25,Goldbergsfamou,27.82,posted,Groceries,Food & Drink,FALSE,,regular,Ultimate Rewards¬Æ,9759,,
12/11/25,"Amazon.com, Inc. Amzn",14.68,posted,Business Income,,FALSE,,regular,Prime Visa,5990,,
12/11/25,Amazon.com*5f97g,39.16,posted,Business Income,,FALSE,,regular,Prime Visa,5990,,
12/11/25,Interest Charge On Purchases,23.58,posted,Fee,Financial Payments,FALSE,,regular,Marriott Bonvoy Brilliant¬Æ American Express¬Æ Card,5005,,
12/11/25,Amex Airline Fee Reimbursement,-36,posted,Fee,Financial Payments,FALSE,,regular,Platinum Card¬Æ,7008,,
12/10/25,Romanhealth,145,posted,Other,,FALSE,,regular,Ultimate Rewards¬Æ,9759,,
12/10/25,Nuuly,102.66,posted,Restaurants,Food & Drink,FALSE,,regular,Ultimate Rewards¬Æ,1041,,
12/9/25,Staples,37.81,posted,Shelzy‚Äôs Designs,Side Hustle,FALSE,,regular,Ultimate Rewards¬Æ,9759,,
12/9/25,Transfer From Chk Xxxxx,-21.04,posted,,,FALSE,,internal transfer,Bugs Checking,3045,,
12/9/25,American Express Ach,40,posted,,,FALSE,,internal transfer,Bugs Checking,3045,,
12/9/25,Autopay Payment - Thank You,-40,posted,,,FALSE,,internal transfer,American Express Gold Card,5003,,
12/9/25,Openai *chatgpt Subssan Francisco,217.75,posted,Subscriptions,Subscriptions,FALSE,,regular,Platinum Card¬Æ,7008,,
12/8/25,Walmart,33.52,posted,Shops,Shopping,FALSE,,regular,Bugs Checking,3045,,
12/8/25,Fid Bkg Svc Llc Moneyline,200,posted,,,FALSE,,internal transfer,Bugs Checking,3045,,
12/8/25,Amazon Mktpl*bi6sq1u81,4.05,posted,Business Income,,FALSE,,regular,Prime Visa,5990,,
12/8/25,Bridgehampton Wine C Bridgehampton Ny,45.68,posted,Groceries,Food & Drink,FALSE,,regular,Bugs Checking,3045,,
12/8/25,Cricut,95.88,posted,Shelzy‚Äôs Designs,Side Hustle,FALSE,,regular,Platinum Card¬Æ,7008,,
12/8/25,Creativefabrica.com Amsterdam Nl,47,posted,Shelzy‚Äôs Designs,Side Hustle,FALSE,,regular,American Express Gold Card,5003,,
12/7/25,Lyft,20.99,posted,Transportation,,FALSE,,regular,Ultimate Rewards¬Æ,1041,,
12/7/25,Shopify,17.39,posted,Shelzy‚Äôs Designs,Side Hustle,FALSE,,regular,Ultimate Rewards¬Æ,1041,,
12/7/25,Amazon.com*bi4ba4xv0,10.86,posted,Business Income,,FALSE,,regular,Prime Visa,5990,,
12/7/25,Amazon Mktpl*bi5n75dl1,69.55,posted,Business Income,,FALSE,,regular,Prime Visa,5990,,
12/7/25,Platinum Resy Credit,-100,posted,,,FALSE,,internal transfer,Platinum Card¬Æ,7008,,
12/7/25,Netflix,8.69,posted,Subscriptions,Subscriptions,FALSE,,regular,Platinum Card¬Æ,7008,,
12/6/25,Microsoft,10.88,posted,Shops,Shopping,FALSE,,regular,Platinum Card¬Æ,7008,,
12/5/25,Goldbergsfamou,27.82,posted,Groceries,Food & Drink,FALSE,,regular,Ultimate Rewards¬Æ,9759,,
12/5/25,Venmo,10,posted,,,FALSE,,internal transfer,Bugs Checking,3045,,
12/5/25,"Hampton Jitney, Inc",65,posted,Transportation,,FALSE,,regular,Ultimate Rewards¬Æ,1041,,
12/5/25,Lyft,35.18,posted,Transportation,,FALSE,,regular,Ultimate Rewards¬Æ,1041,,
12/5/25,Walmart,44.77,posted,Shops,Shopping,FALSE,,regular,Platinum Card¬Æ,7008,,
12/5/25,K Pasa Sag Harbor,123.96,posted,Restaurants,Food & Drink,FALSE,,regular,Platinum Card¬Æ,7008,,
12/5/25,Rtp Received Amazon.com 12-04,-22.12,posted,Business Income,,FALSE,,regular,Interest Checking,1583,,
12/4/25,Wp*jetpack 0pfjwg86t,38.8,posted,Other,,FALSE,,regular,Ultimate Rewards¬Æ,9759,,
12/4/25,Travel Credit $300-year,-3.23,posted,Travel & Vacation,Travel,FALSE,,regular,Ultimate Rewards¬Æ,1041,,
12/4/25,Travel Credit $300-year,-1.12,posted,Travel & Vacation,Travel,FALSE,,regular,Ultimate Rewards¬Æ,1041,,
12/4/25,Travel Credit $300-year,-3.35,posted,Travel & Vacation,Travel,FALSE,,regular,Ultimate Rewards¬Æ,1041,,
12/4/25,Travel Credit $300-year,-26.58,posted,,,FALSE,,internal transfer,Ultimate Rewards¬Æ,1041,,
12/4/25,Goldbergsfamou,27.82,posted,Groceries,Food & Drink,FALSE,,regular,Ultimate Rewards¬Æ,9759,,
12/4/25,Madisonreed,21.08,posted,Beauty,Shopping,FALSE,,regular,Credit Card,443,,
12/4/25,Lyft,23.73,posted,Transportation,,FALSE,,regular,Ultimate Rewards¬Æ,1041,,
12/4/25,Lyft,3.35,posted,Transportation,,FALSE,,regular,Ultimate Rewards¬Æ,1041,,
12/4/25,Lyft,1.12,posted,Transportation,,FALSE,,regular,Ultimate Rewards¬Æ,1041,,
12/4/25,"Hampton Jitney, Inc",75,posted,Transportation,,FALSE,,regular,Ultimate Rewards¬Æ,9759,,
12/4/25,Healthy Choice 48 Cor,2.5,posted,Restaurants,Food & Drink,FALSE,,regular,Ultimate Rewards¬Æ,1041,,
12/4/25,Amazon Mktpl*bi9pl1pa2,54.84,posted,Business Income,,FALSE,,regular,Prime Visa,5990,,
12/4/25,Curb,26.58,posted,Other,,FALSE,,regular,Ultimate Rewards¬Æ,1041,,
12/4/25,"Danielle Olivera ""top""",10,posted,Apt Rent,Rent,FALSE,,regular,Personal Profile,,,
12/4/25,Otter.ai,32.66,posted,Subscriptions,Subscriptions,FALSE,,regular,American Express Gold Card,5003,,
12/3/25,Reformation,544.42,posted,Clothing,Shopping,FALSE,,regular,Ultimate Rewards¬Æ,9759,,
12/3/25,Shopify,42.47,posted,Shelzy‚Äôs Designs,Side Hustle,FALSE,,regular,Ultimate Rewards¬Æ,1041,,
12/3/25,Purchase Interest Charge,157.27,posted,Fee,Financial Payments,FALSE,,regular,Ultimate Rewards¬Æ,9759,,
12/3/25,Aplpay Taste Wine Conew,26.11,posted,Groceries,Food & Drink,FALSE,,regular,American Express Gold Card,5003,,
12/3/25,Moxy Nyc East Villageast Village,40.17,posted,Travel & Vacation,Travel,FALSE,,regular,Marriott Bonvoy Brilliant¬Æ American Express¬Æ Card,5005,,
12/2/25,Usaa.com Paymnt Credit Crd,38,posted,,,FALSE,,internal transfer,Bugs Checking,3045,,
12/1/25,Sp Legacybox.com,5.43,posted,Clothing,Shopping,FALSE,,regular,Ultimate Rewards¬Æ,9759,,
12/1/25,Payment Thank You-mobile,-922.38,posted,,,FALSE,,internal transfer,Ultimate Rewards¬Æ,1041,,
12/1/25,Payment To Chase Card,922.38,posted,,,FALSE,,internal transfer,Bugs Checking,3045,,
12/1/25,Coinbase Inc. 020dfb64 Rtl-v7jstarf,100,posted,,,FALSE,,internal transfer,Bugs Checking,3045,,
12/1/25,Hobby Lobby,81.49,posted,Shelzy‚Äôs Designs,Side Hustle,FALSE,,regular,Ultimate Rewards¬Æ,9759,,
12/1/25,Coinbase,100,posted,,,FALSE,,internal transfer,Bugs Checking,3045,,
12/1/25,Coinbase Inc. 020dfb64 Rtl-v4tn96gh,100,posted,,,FALSE,,internal transfer,Bugs Checking,3045,,
12/1/25,Applecard Gsbank Payment,16.8,posted,,,FALSE,,internal transfer,Bugs Checking,3045,,
12/1/25,American Express Ach,298.62,posted,,,FALSE,,internal transfer,Bugs Checking,3045,,
12/1/25,Amazon Mktpl*bb6tq4th0,113.05,posted,Business Income,,FALSE,,regular,Prime Visa,5990,,
12/1/25,Online Payment - Thank You,-298.62,posted,,,FALSE,,internal transfer,Marriott Bonvoy Brilliant¬Æ American Express¬Æ Card,5005,,
12/1/25,Walmart,29.79,posted,Shops,Shopping,FALSE,,regular,Platinum Card¬Æ,7008,,
11/30/25,Hostinger.com,118.8,posted,Other,,FALSE,,regular,Credit Card,443,,
11/30/25,Hostinger.com,10.19,posted,Other,,FALSE,,regular,Credit Card,443,,
11/30/25,Instacart,18.45,posted,Groceries,Food & Drink,FALSE,,regular,Ultimate Rewards¬Æ,1041,,
11/30/25,Soundview Lot,3,posted,Other,,FALSE,,regular,Ultimate Rewards¬Æ,1041,,
11/30/25,Costco,1.63,posted,Groceries,Food & Drink,FALSE,,regular,Ultimate Rewards¬Æ,9759,,
11/30/25,Anthropologie,96.78,posted,Clothing,Shopping,FALSE,,regular,Ultimate Rewards¬Æ,9759,,
11/30/25,Wmt Plus Dec,14.1,posted,Shops,Shopping,FALSE,,regular,Platinum Card¬Æ,7008,,
11/30/25,Wp*wordpress Dp27d8psan Francisco,-43.55,posted,Other,,FALSE,,regular,Platinum Card¬Æ,7008,,
11/30/25,Linkedin,43.54,posted,Other,,FALSE,,regular,Amex EveryDay¬Æ Preferred,2001,,
11/28/25,Venmo,3750,posted,,,FALSE,,internal transfer,Bugs Checking,3045,,
11/28/25,Adobe,21.76,posted,Shops,Shopping,FALSE,,regular,Ultimate Rewards¬Æ,9759,,
11/28/25,Optum Bank Reimbur,-1166.72,posted,,,FALSE,,internal transfer,Bugs Checking,3045,,
11/28/25,Wp*wordpress H5zuk2vsan Francisco,274.37,posted,Other,,FALSE,,regular,Platinum Card¬Æ,7008,,
11/28/25,Wp*wordpress G859alqsan Francisco,52.26,posted,Other,,FALSE,,regular,Platinum Card¬Æ,7008,,
11/28/25,Wp*wordpress Dp27d8psan Francisco,43.55,posted,Other,,FALSE,,regular,Platinum Card¬Æ,7008,,
11/28/25,Interest Payment,-0.01,posted,,,FALSE,,income,High Yield Savings Account,4228,,
11/28/25,Google One,2.17,posted,AI Subscriptions,,FALSE,,regular,Amex EveryDay¬Æ Preferred,2001,,
11/27/25,Weill Cornell Medicine,207.41,posted,Healthcare,Personal Care,FALSE,,regular,Ultimate Rewards¬Æ,9759,,
11/27/25,Reddit Inc Ads,8.42,posted,Other,,FALSE,,regular,Credit Card,443,,
11/27/25,Cvs,30.93,posted,Pharmacy Stores,,FALSE,,regular,Ultimate Rewards¬Æ,9759,,
11/26/25,Robinhood,99.29,posted,,,FALSE,,internal transfer,Bugs Checking,3045,,
11/26/25,Payment To Chase Card,602.3,posted,,,FALSE,,internal transfer,Bugs Checking,3045,,
11/26/25,Reddit Inc Ads,5.56,posted,Other,,FALSE,,regular,Credit Card,443,,
11/26/25,Payment To Chase Card,203,posted,,,FALSE,,internal transfer,Bugs Checking,3045,,
11/26/25,Payment To Chase Card,105.12,posted,,,FALSE,,internal transfer,Bugs Checking,3045,,
11/26/25,Payment Thank You-mobile,-105.12,posted,,,FALSE,,internal transfer,Ultimate Rewards¬Æ,1041,,
11/26/25,Payment Thank You-mobile,-203,posted,,,FALSE,,internal transfer,Credit Card,443,,
11/26/25,Payment Thank You-mobile,-602.3,posted,,,FALSE,,internal transfer,Prime Visa,5990,,
11/26/25,Interpublic Grou Payroll,-5717.59,posted,,,FALSE,,income,Bugs Checking,3045,,
11/26/25,Godaddy.com,26.99,posted,Shelzy‚Äôs Designs,Side Hustle,FALSE,,regular,Ultimate Rewards¬Æ,1041,,
11/26/25,Godaddy.com,26.99,posted,Shelzy‚Äôs Designs,Side Hustle,FALSE,,regular,Ultimate Rewards¬Æ,1041,,
11/26/25,Browserbase Inc,-20,posted,Other,,FALSE,,regular,Credit Card,443,,
11/26/25,Amazon Mktpl*b29hd0t50,20.65,posted,Business Income,,FALSE,,regular,Prime Visa,5990,,
11/26/25,Aplpay Amber Waves Famagansett,87.13,posted,Groceries,Food & Drink,FALSE,,regular,American Express Gold Card,5003,,
11/26/25,"Gray Perkins ""rent""",3750,posted,Apt Rent,Rent,FALSE,,regular,Personal Profile,,,
11/26/25,Naturalcycles Nordicstockholm Se,163.3,posted,Other,,FALSE,,regular,American Express Gold Card,5003,,
11/25/25,Reddit Inc Ads,1.08,posted,Other,,FALSE,,regular,Credit Card,443,,
11/25/25,Amazon Mktpl*b29xc5gx2,9.14,posted,Business Income,,FALSE,,regular,Prime Visa,5990,,
11/25/25,1445 Epay Chase Credit Crd Ach,165,posted,,,FALSE,,internal transfer,Interest Checking,1583,,
11/24/25,Venmo,2614,posted,,,FALSE,,internal transfer,Bugs Checking,3045,,
11/24/25,Payment To Chase Card,600,posted,,,FALSE,,internal transfer,Bugs Checking,3045,,
11/24/25,Payment Thank You-mobile,-600,posted,,,FALSE,,internal transfer,Ultimate Rewards¬Æ,9759,,
11/24/25,Coinbase,300,posted,,,FALSE,,internal transfer,Bugs Checking,3045,,
11/24/25,Paypal Transfer,-351.5,posted,Transfer,,FALSE,,regular,Bugs Checking,3045,,
11/24/25,Coinbase Inc. C4f5f973 Rtl-h5xftn9j,250,posted,,,FALSE,,internal transfer,Bugs Checking,3045,,
11/24/25,Coinbase Inc. Rtl-segsw8ex,106,posted,,,FALSE,,internal transfer,Bugs Checking,3045,,
11/24/25,Coinbase Inc. Ba70f90d Rtl-bplh54ft,120,posted,,,FALSE,,internal transfer,Bugs Checking,3045,,
11/23/25,Shopify,434,posted,Shelzy‚Äôs Designs,Side Hustle,FALSE,,regular,Ultimate Rewards¬Æ,1041,,
11/23/25,New York Magazine,8,posted,Subscriptions,Subscriptions,FALSE,,regular,Ultimate Rewards¬Æ,1041,,
11/23/25,Bridgehampton Wine Cellar,36.98,posted,Groceries,Food & Drink,FALSE,,regular,Credit Card,443,,
11/23/25,Hulu,12.99,posted,Subscriptions,Subscriptions,FALSE,,regular,American Express Gold Card,5003,,
11/23/25,Uber Eats,74.1,posted,Food Delivery,Food & Drink,FALSE,,regular,Platinum Card¬Æ,7008,,
11/23/25,Sp Blueland,25.45,posted,Restaurants,Food & Drink,FALSE,,regular,Platinum Card¬Æ,7008,,
11/23/25,Sp Earth Harbor Natuspringville,34.2,posted,Other,,FALSE,,regular,Platinum Card¬Æ,7008,,
11/22/25,Capcut,18.99,posted,Other,,FALSE,,regular,American Express Gold Card,5003,,
11/22/25,Ouraring Inc,6.52,posted,Subscriptions,Subscriptions,FALSE,,regular,Platinum Card¬Æ,7008,,Ouraring
11/22/25,Rtp Received Amazon.com 11-20,-165.45,posted,Business Income,,FALSE,,regular,Interest Checking,1583,,
11/21/25,Www.perplexity.ai,43.55,posted,Restaurants,Food & Drink,FALSE,,regular,Credit Card,443,,
11/21/25,Payment To Chase Card,2000,posted,,,FALSE,,internal transfer,Bugs Checking,3045,,
11/21/25,Wifionboard,49.95,posted,Travel & Vacation,Travel,FALSE,,regular,Ultimate Rewards¬Æ,1041,,
11/21/25,Payment Thank You-mobile,-2000,posted,,,FALSE,,internal transfer,Ultimate Rewards¬Æ,9759,,
11/21/25,Payment Thank You-mobile,-165,posted,,,FALSE,,internal transfer,Ultimate Rewards¬Æ,9759,,
11/21/25,Adobe,25.03,posted,Shops,Shopping,FALSE,,regular,Ultimate Rewards¬Æ,9759,,
11/21/25,"Gray Perkins ""security Deposit""",2614,posted,Apt Rent,Rent,FALSE,,regular,Personal Profile,,,
11/20/25,Shelzy's Designs Shopify St-s0i4s1w0c1v4 Ccd,420,posted,Shelzy‚Äôs Designs,Side Hustle,FALSE,,regular,Bugs Checking,3045,,
11/20/25,Browserbase Inc,20,posted,Restaurants,Food & Drink,FALSE,,regular,Credit Card,443,,
11/20/25,Dr Adj For Balance Trans,2706.11,posted,,,FALSE,,internal transfer,American Express Gold Card,5003,,
11/20/25,Cr Adj For Balance Trans,-2706.11,posted,,,FALSE,,internal transfer,Marriott Bonvoy Brilliant¬Æ American Express¬Æ Card,5005,,
11/19/25,Zola.com Zola Weddi St-s2z5u0y7b2m3 Ccd,-150,posted,Shops,Shopping,FALSE,,regular,Bugs Checking,3045,,
11/19/25,Amazon.com*b019y1nl2,21.59,posted,Business Income,,FALSE,,regular,Prime Visa,5990,,
11/19/25,Uber Eats,24.69,posted,Food Delivery,Food & Drink,FALSE,,regular,Platinum Card¬Æ,7008,,
11/18/25,Venmo,-1000,posted,,,FALSE,,internal transfer,Bugs Checking,3045,,
11/18/25,Payment Thank You,-1000,posted,,,FALSE,,internal transfer,Ultimate Rewards¬Æ,9759,,
11/18/25,Payyourselfback Credit,-28.18,posted,,,FALSE,,internal transfer,Ultimate Rewards¬Æ,1041,,
11/18/25,Payment To Chase Card,1000,posted,,,FALSE,,internal transfer,Bugs Checking,3045,,
11/18/25,Payyourselfback Credit,-47.16,posted,,,FALSE,,internal transfer,Ultimate Rewards¬Æ,9759,,
11/18/25,Amazon.com*b873v2ua2,24.16,posted,Business Income,,FALSE,,regular,Prime Visa,5990,,
11/18/25,Amazon,9.58,posted,Amazon/Target/Walmart,,FALSE,,regular,Prime Visa,5990,,
11/18/25,Amazon Prime,16.32,posted,Amazon/Target/Walmart,,FALSE,,regular,Prime Visa,5990,,
11/18/25,Adobe,-29.99,posted,Shops,Shopping,FALSE,,regular,Ultimate Rewards¬Æ,9759,,
11/18/25,Adobe Inc Ad,65.31,posted,AI Subscriptions,,FALSE,,regular,American Express Gold Card,5003,,
11/17/25,Usps Store,104.35,posted,Shelzy‚Äôs Designs,Side Hustle,FALSE,,regular,Credit Card,443,,
11/17/25,Remote Online Deposit,-500,posted,,,FALSE,,income,Bugs Checking,3045,,
11/17/25,Payment To Chase Card,502,posted,,,FALSE,,internal transfer,Bugs Checking,3045,,
11/17/25,Payment To Chase Card,500,posted,,,FALSE,,internal transfer,Bugs Checking,3045,,
11/17/25,Payment Thank You,-500,posted,,,FALSE,,internal transfer,Ultimate Rewards¬Æ,1041,,
11/17/25,Payment Thank You-mobile,-502,posted,,,FALSE,,internal transfer,Ultimate Rewards¬Æ,1041,,
11/17/25,Paypal Transfer,-68.97,posted,Transfer,,FALSE,,regular,Bugs Checking,3045,,
11/17/25,Godaddy.com,131.88,posted,Shelzy‚Äôs Designs,Side Hustle,FALSE,,regular,Ultimate Rewards¬Æ,1041,,
11/17/25,Godaddy.com,65.19,posted,Shelzy‚Äôs Designs,Side Hustle,FALSE,,regular,Ultimate Rewards¬Æ,1041,,
11/17/25,Godaddy.com,83.88,posted,Shelzy‚Äôs Designs,Side Hustle,FALSE,,regular,Ultimate Rewards¬Æ,1041,,
11/17/25,Standard,1000,posted,Apt Rent,Rent,FALSE,,regular,Personal Profile,,,
11/17/25,"Danielle Olivera ""bermuda ‚òÄÔ∏è üå¥ üè†""",-1000,posted,Apt Rent,Rent,FALSE,,regular,Personal Profile,,,
11/17/25,Www.perplexity.ai,207.46,posted,Restaurants,Food & Drink,FALSE,,regular,American Express Gold Card,5003,,
11/17/25,Sqsp* Domain#2096471new,28,posted,Other,,FALSE,,regular,Amex EveryDay¬Æ Preferred,2001,,
11/16/25,Costco,70.68,posted,Groceries,Food & Drink,FALSE,,regular,Credit Card,443,,
11/16/25,Amazon Mktpl*b82bf18c0,10.85,posted,Business Income,,FALSE,,regular,Prime Visa,5990,,
11/16/25,Sp Blueland,25.47,posted,Restaurants,Food & Drink,FALSE,,regular,Platinum Card¬Æ,7008,,
11/16/25,Cognition Labs (devisan Francisco,21.78,posted,Restaurants,Food & Drink,FALSE,,regular,American Express Gold Card,5003,,
11/15/25,Base44.com,100,posted,Other,,FALSE,,regular,American Express Gold Card,5003,,
11/14/25,Payment To Chase Card,35,posted,,,FALSE,,internal transfer,Bugs Checking,3045,,
11/14/25,Payment To Chase Card,341,posted,,,FALSE,,internal transfer,Bugs Checking,3045,,
11/14/25,Payment To Chase Card,1000,posted,,,FALSE,,internal transfer,Bugs Checking,3045,,
11/14/25,Payment Thank You-mobile,-341,posted,,,FALSE,,internal transfer,Ultimate Rewards¬Æ,9759,,
11/14/25,Payment Thank You-mobile,-35,posted,,,FALSE,,internal transfer,Prime Visa,5990,,
11/14/25,Payment Thank You-mobile,-1000,posted,,,FALSE,,internal transfer,Ultimate Rewards¬Æ,1041,,
11/14/25,Purchase Interest Charge,124.73,posted,Fee,Financial Payments,FALSE,,regular,Credit Card,443,,
11/14/25,Madisonreed,32.08,posted,Beauty,Shopping,FALSE,,regular,Credit Card,443,,
11/14/25,Interpublic Grou Payroll,-4970.87,posted,,,FALSE,,income,Bugs Checking,3045,,
11/14/25,Amazon.com*bt3nv5wp2,21.14,posted,Business Income,,FALSE,,regular,Prime Visa,5990,,
11/14/25,American Express Ach,14.65,posted,,,FALSE,,internal transfer,Bugs Checking,3045,,
11/14/25,American Express Ach,122,posted,,,FALSE,,internal transfer,Bugs Checking,3045,,
11/14/25,American Express Ach,2469.01,posted,,,FALSE,,internal transfer,Bugs Checking,3045,,
11/14/25,Amazon Mktpl*b80sy0xa1,10.08,posted,Business Income,,FALSE,,regular,Prime Visa,5990,,
11/14/25,Dr Adj For Balance Tra,2706.11,posted,,,FALSE,,internal transfer,Platinum Card¬Æ,7008,,
11/14/25,Cr Adj For Balance Tra,-2706.11,posted,,,FALSE,,internal transfer,American Express Gold Card,5003,,
11/14/25,Uber Eats,74.1,posted,Food Delivery,Food & Drink,FALSE,,regular,Platinum Card¬Æ,7008,,
11/14/25,Claude.ai Subscriptisan Francisco,217.75,posted,Other,,FALSE,,regular,American Express Gold Card,5003,,
11/13/25,Nordstrom,4.91,posted,Clothing,Shopping,FALSE,,regular,Bugs Checking,3045,,
11/13/25,Naturalcycles,23.94,posted,Restaurants,Food & Drink,FALSE,,regular,Ultimate Rewards¬Æ,1041,,
11/13/25,Madisonreed,53.29,posted,Beauty,Shopping,FALSE,,regular,Credit Card,443,,
11/13/25,Godaddy.com,23.94,posted,Shelzy‚Äôs Designs,Side Hustle,FALSE,,regular,Ultimate Rewards¬Æ,1041,,
11/13/25,Godaddy.com,1.99,posted,Shelzy‚Äôs Designs,Side Hustle,FALSE,,regular,Ultimate Rewards¬Æ,1041,,
11/13/25,Amazon Mktpl*b81xp4pq1,18.48,posted,Business Income,,FALSE,,regular,Prime Visa,5990,,
11/13/25,Adobe,10.88,posted,Shops,Shopping,FALSE,,regular,Ultimate Rewards¬Æ,9759,,
11/13/25,Adobe,29.99,posted,Shops,Shopping,FALSE,,regular,Ultimate Rewards¬Æ,9759,,
11/13/25,Dropbox,11.99,posted,Other,,FALSE,,regular,American Express Gold Card,5003,,
11/13/25,Aplpay Cvs Pharmacy,36.92,posted,Pharmacy Stores,,FALSE,,regular,Platinum Card¬Æ,7008,,
11/12/25,Godaddy.com,24.18,posted,Shelzy‚Äôs Designs,Side Hustle,FALSE,,regular,Ultimate Rewards¬Æ,1041,,
11/12/25,Remote Online Deposit,-5357.09,posted,,,FALSE,,income,Bugs Checking,3045,,
11/12/25,Amazon Mktpl*b84w90l11,38.68,posted,Business Income,,FALSE,,regular,Prime Visa,5990,,
11/12/25,Amazon.com*b81fx54k0,23.55,posted,Business Income,,FALSE,,regular,Prime Visa,5990,,
11/12/25,Amazon Mktpl*b83n98nd1,86.99,posted,Business Income,,FALSE,,regular,Prime Visa,5990,,
11/12/25,Uber Eats,26.6,posted,Food Delivery,Food & Drink,FALSE,,regular,Platinum Card¬Æ,7008,,
11/12/25,Apple.com-bill Internet Charge,9.99,posted,Subscriptions,Subscriptions,FALSE,,regular,Platinum Card¬Æ,7008,,Apple.com-bill Internet Charge
11/12/25,Amazon Mx Marketplacmexico City,14.65,posted,Business Income,,FALSE,,regular,Hilton Honors Card,1000,,
11/11/25,Nuuly,20.95,posted,Restaurants,Food & Drink,FALSE,,regular,Ultimate Rewards¬Æ,1041,,
11/11/25,Purchase Interest Charge,59.88,posted,Fee,Financial Payments,FALSE,,regular,Ultimate Rewards¬Æ,1041,,
11/11/25,Walgreens,52.93,posted,Pharmacy Stores,,FALSE,,regular,Platinum Card¬Æ,7008,,
11/11/25,Uber Eats,99.48,posted,Food Delivery,Food & Drink,FALSE,,regular,Platinum Card¬Æ,7008,,
11/11/25,Uber Eats,46.58,posted,Food Delivery,Food & Drink,FALSE,,regular,Platinum Card¬Æ,7008,,
11/11/25,T.j.maxx,34.03,posted,Clothing,Shopping,FALSE,,regular,Platinum Card¬Æ,7008,,
11/11/25,Aplpay Bridgehamptonbridgehampton,30.5,posted,Groceries,Food & Drink,FALSE,,regular,Platinum Card¬Æ,7008,,
11/10/25,Zola.com Zola Weddi St-j2v6y9d7x9d8 Ccd,-250,posted,Shops,Shopping,FALSE,,regular,Bugs Checking,3045,,
11/10/25,Paypal Inst Xfer Romanhealth,145,posted,Other,,FALSE,,regular,Bugs Checking,3045,,
11/10/25,Nuuly,102.66,posted,Restaurants,Food & Drink,FALSE,,regular,Ultimate Rewards¬Æ,1041,,
11/10/25,"Avelo Airlines, Inc",49,posted,Travel & Vacation,Travel,FALSE,,regular,Ultimate Rewards¬Æ,9759,,
11/10/25,Avelo Airlinispusa,187.04,posted,Restaurants,Food & Drink,FALSE,,regular,Credit Card,443,,
11/10/25,Interest Charge On Purchases,91.65,posted,Fee,Financial Payments,FALSE,,regular,Marriott Bonvoy Brilliant¬Æ American Express¬Æ Card,5005,,
11/10/25,Aplpay Temu.com,-47.63,posted,,,FALSE,,internal transfer,American Express Gold Card,5003,,
11/10/25,Airtable.com-bill,26.13,posted,Restaurants,Food & Drink,FALSE,,regular,American Express Gold Card,5003,,
11/9/25,Penn Cellar,27.21,posted,Restaurants,Food & Drink,FALSE,,regular,Ultimate Rewards¬Æ,1041,,
11/9/25,Paddle.net,29.99,posted,Other,,FALSE,,regular,Ultimate Rewards¬Æ,9759,,
11/9/25,Njt Rail My-tix,12.7,posted,Transportation,,FALSE,,regular,Ultimate Rewards¬Æ,1041,,
11/9/25,Lyft,94.94,posted,Transportation,,FALSE,,regular,Ultimate Rewards¬Æ,1041,,
11/9/25,Instacart,40.52,posted,Groceries,Food & Drink,FALSE,,regular,Ultimate Rewards¬Æ,1041,,
11/9/25,Lyft,22.99,posted,Transportation,,FALSE,,regular,Ultimate Rewards¬Æ,1041,,
11/9/25,Bed Bath & Beyond,27.16,posted,Home,Shopping,FALSE,,regular,Ultimate Rewards¬Æ,1041,,
11/9/25,Amazon Payments,21.65,posted,Shops,Shopping,FALSE,,regular,Prime Visa,5990,,
11/9/25,Travel Credit $300-year,-22.99,posted,,,FALSE,,internal transfer,Ultimate Rewards¬Æ,1041,,
11/9/25,Travel Credit $300-year,-12.7,posted,,,FALSE,,internal transfer,Ultimate Rewards¬Æ,1041,,
11/9/25,Travel Credit $300-year,-94.94,posted,,,FALSE,,internal transfer,Ultimate Rewards¬Æ,1041,,
11/9/25,Openai *chatgpt Subssan Francisco,217.75,posted,Subscriptions,Subscriptions,FALSE,,regular,Platinum Card¬Æ,7008,,
11/8/25,Aplpay Tst* Crew 001chatham,9.89,posted,Clothing,Shopping,FALSE,,regular,American Express Gold Card,5003,,
11/7/25,Shopify,1.09,posted,Shelzy‚Äôs Designs,Side Hustle,FALSE,,regular,Ultimate Rewards¬Æ,1041,,
11/7/25,Shopify,16,posted,Shelzy‚Äôs Designs,Side Hustle,FALSE,,regular,Ultimate Rewards¬Æ,1041,,
11/7/25,Goldbergsfamou,27.8,posted,Groceries,Food & Drink,FALSE,,regular,Ultimate Rewards¬Æ,9759,,
11/7/25,Costco,163.21,posted,Groceries,Food & Drink,FALSE,,regular,Ultimate Rewards¬Æ,1041,,
11/7/25,Costco,276.16,posted,Groceries,Food & Drink,FALSE,,regular,Ultimate Rewards¬Æ,1041,,
11/7/25,Costco,5.69,posted,Groceries,Food & Drink,FALSE,,regular,Ultimate Rewards¬Æ,1041,,
11/6/25,Temu.com,-161.71,posted,Shops,Shopping,FALSE,,regular,Credit Card,443,,
11/6/25,Temu.com,-69.68,posted,Shops,Shopping,FALSE,,regular,Ultimate Rewards¬Æ,1041,,
11/6/25,Shelzy's Designs Shopify St-b1w0k3a8o2r6 Ccd,1,posted,Shelzy‚Äôs Designs,Side Hustle,FALSE,,regular,Bugs Checking,3045,,
11/6/25,Adobe,29.99,posted,Shops,Shopping,FALSE,,regular,Ultimate Rewards¬Æ,9759,,
11/6/25,Uber Eats,45.65,posted,Food Delivery,Food & Drink,FALSE,,regular,Platinum Card¬Æ,7008,,
11/6/25,Uber,96,posted,Transportation,,FALSE,,regular,American Express Gold Card,5003,,
11/6/25,Fsp*mark Ingram Bridnew,-4363.59,posted,Other,,FALSE,,regular,Platinum Card¬Æ,7008,,
11/6/25,Temu.com,-20.47,posted,Shops,Shopping,FALSE,,regular,Marriott Bonvoy Brilliant¬Æ American Express¬Æ Card,5005,,
11/6/25,Microsoft,10.88,posted,Shops,Shopping,FALSE,,regular,Platinum Card¬Æ,7008,,
11/5/25,Temu.com,-97.01,posted,Shops,Shopping,FALSE,,regular,Ultimate Rewards¬Æ,1041,,
11/5/25,Temu.com,-12.59,posted,Shops,Shopping,FALSE,,regular,Ultimate Rewards¬Æ,1041,,
11/5/25,Temu.com,-6.36,posted,Shops,Shopping,FALSE,,regular,Credit Card,443,,
11/5/25,Amazon Mktplace,-23.94,posted,Shelzy‚Äôs Designs,Side Hustle,FALSE,,regular,Prime Visa,5990,,
11/5/25,Amazon Mktplace,-12.48,posted,Shelzy‚Äôs Designs,Side Hustle,FALSE,,regular,Prime Visa,5990,,
11/4/25,Target Card,25.07,posted,,,FALSE,,internal transfer,Bugs Checking,3045,,
11/4/25,Usaa.com Paymnt Credit Crd,230,posted,,,FALSE,,internal transfer,Bugs Checking,3045,,
11/4/25,Paypal Inst Xfer Fantasyplus,38.11,posted,Transfer,,FALSE,,regular,Bugs Checking,3045,,Paypal Transfer Paypalcryptohub
11/4/25,Travel Credit $300-year,-20.99,posted,,,FALSE,,internal transfer,Ultimate Rewards¬Æ,1041,,
11/4/25,Maxrewards,40,posted,Restaurants,Food & Drink,FALSE,,regular,Prime Visa,5990,,
11/4/25,Lyft,20.99,posted,Transportation,,FALSE,,regular,Ultimate Rewards¬Æ,1041,,
11/4/25,Chens Garden,28.99,posted,Restaurants,Food & Drink,FALSE,,regular,Ultimate Rewards¬Æ,1041,,
11/4/25,Xai Llc,30,posted,Restaurants,Food & Drink,FALSE,,regular,American Express Gold Card,5003,,
11/4/25,Walmart,-21.49,posted,Shops,Shopping,FALSE,,regular,Platinum Card¬Æ,7008,,
11/4/25,Uber Eats,37.08,posted,Food Delivery,Food & Drink,FALSE,,regular,Platinum Card¬Æ,7008,,
11/4/25,Otter.ai,32.66,posted,Subscriptions,Subscriptions,FALSE,,regular,American Express Gold Card,5003,,
11/3/25,Payment To Chase Card,203,posted,,,FALSE,,internal transfer,Bugs Checking,3045,,
11/3/25,Wealthfront Edi Pymnts 41afea6455e74f,1,posted,,,FALSE,,internal transfer,Bugs Checking,3045,,
11/3/25,Shopify,1.09,posted,Shelzy‚Äôs Designs,Side Hustle,FALSE,,regular,Ultimate Rewards¬Æ,1041,,
11/3/25,Nordstrom,40,posted,Clothing,Shopping,FALSE,,regular,Bugs Checking,3045,,
11/3/25,Purchase Interest Charge,223.7,posted,Fee,Financial Payments,FALSE,,regular,Ultimate Rewards¬Æ,9759,,
11/3/25,American Express Ach,500,posted,,,FALSE,,internal transfer,Bugs Checking,3045,,
11/3/25,Applecard Gsbank Payment,206.06,posted,,,FALSE,,internal transfer,Bugs Checking,3045,,
11/3/25,American Express Ach,500,posted,,,FALSE,,internal transfer,Bugs Checking,3045,,
11/3/25,Amazon Mktpl*nk6c26nb2,24.57,posted,Business Income,,FALSE,,regular,Prime Visa,5990,,
11/3/25,Walmart,-14.1,posted,Shops,Shopping,FALSE,,regular,Platinum Card¬Æ,7008,,
11/2/25,Starbucks,48.02,posted,Coffee,Food & Drink,FALSE,,regular,Ultimate Rewards¬Æ,1041,,
11/2/25,Tompkinssquare,28.46,posted,Restaurants,Food & Drink,FALSE,,regular,Ultimate Rewards¬Æ,1041,,
11/2/25,Payment Thank You,-203,posted,,,FALSE,,internal transfer,Credit Card,443,,
11/2/25,Home Depot,47.16,posted,Home,Shopping,FALSE,,regular,Ultimate Rewards¬Æ,9759,,
11/2/25,Gsuite_shelzys,36.58,posted,Shelzy‚Äôs Designs,Side Hustle,FALSE,,regular,Ultimate Rewards¬Æ,9759,,
11/2/25,Amazon Mktplace,-20.42,posted,Shelzy‚Äôs Designs,Side Hustle,FALSE,,regular,Prime Visa,5990,,
11/2/25,Duane Reade,28.3,posted,Pharmacy Stores,,FALSE,,regular,Ultimate Rewards¬Æ,1041,,
11/2/25,Adobe,29.99,posted,Shops,Shopping,FALSE,,regular,Ultimate Rewards¬Æ,9759,,
11/2/25,Amazon Mktpl*nk52v7mq0,16.26,posted,Business Income,,FALSE,,regular,Prime Visa,5990,,
11/2/25,Adobe,29.99,posted,Shops,Shopping,FALSE,,regular,Ultimate Rewards¬Æ,9759,,
11/2/25,Adobe,25.03,posted,Shops,Shopping,FALSE,,regular,Ultimate Rewards¬Æ,9759,,
11/2/25,Adobe,21.76,posted,Shops,Shopping,FALSE,,regular,Ultimate Rewards¬Æ,9759,,
11/2/25,Adobe,10.88,posted,Shops,Shopping,FALSE,,regular,Ultimate Rewards¬Æ,9759,,
11/1/25,Walmart,-16.3,posted,Shops,Shopping,FALSE,,regular,Platinum Card¬Æ,7008,,
11/1/25,Usps Change Of Addre,1.25,posted,Restaurants,Food & Drink,FALSE,,regular,Marriott Bonvoy Brilliant¬Æ American Express¬Æ Card,5005,,
11/1/25,Www.perplexity.ai,21.78,posted,Restaurants,Food & Drink,FALSE,,regular,American Express Gold Card,5003,,
11/1/25,Aplpay East Hampton,105.36,posted,Groceries,Food & Drink,FALSE,,regular,American Express Gold Card,5003,,
11/1/25,Wmt Plus Nov,14.1,posted,Shops,Shopping,FALSE,,regular,Platinum Card¬Æ,7008,,
11/1/25,Xxxxxx5539 Epay Chase Credit Crd Ach,618,posted,,,FALSE,,internal transfer,Interest Checking,1583,,
10/31/25,American Express Ach,1000,posted,,,FALSE,,internal transfer,Bugs Checking,3045,,
10/31/25,Interpublic Grou Payroll,-4653.1,posted,,,FALSE,,income,Bugs Checking,3045,,
10/31/25,Wine And Spirits Market,23.94,posted,Alcohol for Home,Food & Drink,FALSE,,regular,Ultimate Rewards¬Æ,1041,,
10/31/25,American Express Ach,1000,posted,,,FALSE,,internal transfer,Bugs Checking,3045,,
10/31/25,American Express Ach,45.71,posted,,,FALSE,,internal transfer,Bugs Checking,3045,,
10/31/25,American Express Ach,23.98,posted,,,FALSE,,internal transfer,Bugs Checking,3045,,
10/31/25,American Express Ach,9.03,posted,,,FALSE,,internal transfer,Bugs Checking,3045,,
10/31/25,American Express Ach,1000,posted,,,FALSE,,internal transfer,Bugs Checking,3045,,
10/31/25,Amex Dining Credit,-9.99,posted,Restaurants,Food & Drink,FALSE,,regular,American Express Gold Card,5003,,
10/31/25,Xxxxx3170 Dps Ach Ubs Finsvc Credit,-618.24,posted,,,FALSE,,income,Interest Checking,1583,,
10/30/25,Sp Legacybox.com,5.43,posted,Clothing,Shopping,FALSE,,regular,Ultimate Rewards¬Æ,9759,,
10/30/25,Payment Thank You-mobile,-618,posted,,,FALSE,,internal transfer,Ultimate Rewards¬Æ,9759,,
10/30/25,Mcdonald's,16.57,posted,Restaurants,Food & Drink,FALSE,,regular,Ultimate Rewards¬Æ,1041,,
10/30/25,Chipotle Mexican Grill,19.43,posted,Restaurants,Food & Drink,FALSE,,regular,Ultimate Rewards¬Æ,1041,,
10/30/25,Best Buy,-163.3,posted,Shops,Shopping,FALSE,,regular,Ultimate Rewards¬Æ,1041,,
10/30/25,Amazon Mktplace,-8.52,posted,Shelzy‚Äôs Designs,Side Hustle,FALSE,,regular,Prime Visa,5990,,
10/30/25,Amazon Mktplace,-8.55,posted,Shelzy‚Äôs Designs,Side Hustle,FALSE,,regular,Prime Visa,5990,,
10/30/25,Amazon Mktplace,-8.55,posted,Shelzy‚Äôs Designs,Side Hustle,FALSE,,regular,Prime Visa,5990,,
10/30/25,Amazon Mktplace,-8.81,posted,Shelzy‚Äôs Designs,Side Hustle,FALSE,,regular,Prime Visa,5990,,
10/30/25,Amazon Mktplace,-9.08,posted,Shelzy‚Äôs Designs,Side Hustle,FALSE,,regular,Prime Visa,5990,,
10/30/25,Amazon Mktplace,-13.92,posted,Shelzy‚Äôs Designs,Side Hustle,FALSE,,regular,Prime Visa,5990,,
10/30/25,Amazon Mktplace,-19.55,posted,Shelzy‚Äôs Designs,Side Hustle,FALSE,,regular,Prime Visa,5990,,
10/30/25,Sephora,-104.53,posted,Beauty,Shopping,FALSE,,regular,Platinum Card¬Æ,7008,,
10/30/25,Linkedin,43.54,posted,Other,,FALSE,,regular,Amex EveryDay¬Æ Preferred,2001,,
10/30/25,Google One,2.17,posted,AI Subscriptions,,FALSE,,regular,Amex EveryDay¬Æ Preferred,2001,,
10/30/25,Grubhub,9.99,posted,Dinner In,Food & Drink,FALSE,,regular,American Express Gold Card,5003,,
10/29/25,Trader Joe's,7.68,posted,Groceries,Food & Drink,FALSE,,regular,Ultimate Rewards¬Æ,1041,,
10/29/25,Tompkinssquare,28.46,posted,Restaurants,Food & Drink,FALSE,,regular,Ultimate Rewards¬Æ,1041,,
10/29/25,Payment To Chase Card,350,posted,,,FALSE,,internal transfer,Bugs Checking,3045,,
10/29/25,Payment Thank You,-350,posted,,,FALSE,,internal transfer,Ultimate Rewards¬Æ,9759,,
10/29/25,Pncbk Ckxfr P2p Michelle E Hume,-87.54,posted,,,FALSE,,internal transfer,Bugs Checking,3045,,
10/29/25,"Aplpay Flatiron, Ny-new",-64,posted,,,FALSE,,internal transfer,American Express Gold Card,5003,,
10/29/25,"Aplpay Flatiron, Ny-new",-240,posted,,,FALSE,,internal transfer,American Express Gold Card,5003,,
10/29/25,Wp*wordpress Sdxu2plsan Francisco,52.26,posted,Other,,FALSE,,regular,Platinum Card¬Æ,7008,,
10/29/25,Uber Eats,19.34,posted,Food Delivery,Food & Drink,FALSE,,regular,Marriott Bonvoy Brilliant¬Æ American Express¬Æ Card,5005,,
10/28/25,Travel Credit $300-year,-114.1,posted,,,FALSE,,internal transfer,Ultimate Rewards¬Æ,1041,,
10/28/25,Payment Thank You-mobile,-400,posted,,,FALSE,,internal transfer,Ultimate Rewards¬Æ,9759,,
10/28/25,Payment To Chase Card,400,posted,,,FALSE,,internal transfer,Bugs Checking,3045,,
10/28/25,Remote Online Deposit,-400,posted,,,FALSE,,income,Bugs Checking,3045,,
10/28/25,Lyft,114.1,posted,Transportation,,FALSE,,regular,Ultimate Rewards¬Æ,1041,,
10/28/25,Fid Bkg Svc Llc Moneyline Zjkv6k,-240,posted,,,FALSE,,internal transfer,Bugs Checking,3045,,
10/28/25,European Hotels & Resort,29.26,posted,Travel & Vacation,Travel,FALSE,,regular,Ultimate Rewards¬Æ,1041,,
10/28/25,Fid Bkg Svc Llc Moneyline Zjkvbs,-54,posted,,,FALSE,,internal transfer,Bugs Checking,3045,,
10/28/25,European Hotels & Resort,21.69,posted,Travel & Vacation,Travel,FALSE,,regular,Ultimate Rewards¬Æ,1041,,
10/28/25,Chase Credit Crd Autopay,35,posted,,,FALSE,,internal transfer,Bugs Checking,3045,,
10/28/25,Best Buy,163.3,posted,Shops,Shopping,FALSE,,regular,Ultimate Rewards¬Æ,1041,,
10/28/25,Amazon.com,-41.41,posted,Business Income,,FALSE,,regular,Prime Visa,5990,,
10/28/25,Amazon Mktplace,-8.55,posted,Shelzy‚Äôs Designs,Side Hustle,FALSE,,regular,Prime Visa,5990,,
10/28/25,Amazon Mktplace,-10.69,posted,Shelzy‚Äôs Designs,Side Hustle,FALSE,,regular,Prime Visa,5990,,
10/28/25,Amazon Mktplace,-12.96,posted,Shelzy‚Äôs Designs,Side Hustle,FALSE,,regular,Prime Visa,5990,,
10/28/25,Amazon Mktplace,-10.69,posted,Shelzy‚Äôs Designs,Side Hustle,FALSE,,regular,Prime Visa,5990,,
10/28/25,Amazon Mktplace,-15.79,posted,Shelzy‚Äôs Designs,Side Hustle,FALSE,,regular,Prime Visa,5990,,
10/28/25,Amazon Mktplace,-14.97,posted,Shelzy‚Äôs Designs,Side Hustle,FALSE,,regular,Prime Visa,5990,,
10/28/25,Amazon Mktplace,-23.25,posted,Shelzy‚Äôs Designs,Side Hustle,FALSE,,regular,Prime Visa,5990,,
10/28/25,Amazon Mktplace,-28.86,posted,Shelzy‚Äôs Designs,Side Hustle,FALSE,,regular,Prime Visa,5990,,
10/28/25,Amazon Mktplace,-37.98,posted,Shelzy‚Äôs Designs,Side Hustle,FALSE,,regular,Prime Visa,5990,,
10/28/25,Xxxxxxx5619 Transfer Chasbk Ckxfr Ach,87.54,posted,,,FALSE,,internal transfer,Interest Checking,1583,,
10/28/25,Interest Payment,-0.01,posted,,,FALSE,,income,High Yield Savings Account,4228,,
10/27/25,Zola.com Zola Weddi St-z7m7w3z9z3z7 Ccd,-150,posted,Shops,Shopping,FALSE,,regular,Bugs Checking,3045,,
10/27/25,Remote Online Deposit,-350,posted,,,FALSE,,income,Bugs Checking,3045,,
10/27/25,Payment To Chase Card,1000,posted,,,FALSE,,internal transfer,Bugs Checking,3045,,
10/27/25,Payment Thank You-mobile,-500,posted,,,FALSE,,internal transfer,Ultimate Rewards¬Æ,9759,,
10/27/25,Payment To Chase Card,500,posted,,,FALSE,,internal transfer,Bugs Checking,3045,,
10/27/25,Lc Ae24 Yasamin,13.75,posted,Restaurants,Food & Drink,FALSE,,regular,Ultimate Rewards¬Æ,1041,,
10/27/25,American Express Ach,79.06,posted,,,FALSE,,internal transfer,Bugs Checking,3045,,
10/27/25,Automatic Payment - Thank,-35,posted,,,FALSE,,internal transfer,Prime Visa,5990,,
10/27/25,Anthropologie,-140.45,posted,Clothing,Shopping,FALSE,,regular,Platinum Card¬Æ,7008,,
10/27/25,Anthropologie,-362.31,posted,Clothing,Shopping,FALSE,,regular,Platinum Card¬Æ,7008,,
10/27/25,Spotify,11.99,posted,Subscriptions,Subscriptions,FALSE,,regular,Platinum Card¬Æ,7008,,
10/26/25,Payment Thank You-mobile,-1000,posted,,,FALSE,,internal transfer,Ultimate Rewards¬Æ,9759,,
10/26/25,New York Magazine,1,posted,Subscriptions,Subscriptions,FALSE,,regular,Ultimate Rewards¬Æ,1041,,
10/26/25,Payyourselfback Credit,-1.94,posted,Restaurants,Food & Drink,FALSE,,regular,Ultimate Rewards¬Æ,1041,,
10/26/25,Etihad Airways Pac Usd,24.99,posted,Travel & Vacation,Travel,FALSE,,regular,Credit Card,443,,
10/25/25,Aplpay Costa - Auh Ndubai,12.8,posted,Restaurants,Food & Drink,FALSE,,regular,American Express Gold Card,5003,,
10/24/25,Payment Thank You-mobile,-400,posted,,,FALSE,,internal transfer,Ultimate Rewards¬Æ,1041,,
10/24/25,Payment To Chase Card,400,posted,,,FALSE,,internal transfer,Bugs Checking,3045,,
10/24/25,Zola.com Zola Weddi St-l4l5v9g4c8u9 Ccd,-455,posted,Wedding,,FALSE,,regular,Bugs Checking,3045,,
10/24/25,Fid Bkg Svc Llc Moneyline Zjeunt,-1113,posted,,,FALSE,,internal transfer,Bugs Checking,3045,,
10/24/25,Coinbase,300,posted,,,FALSE,,internal transfer,Bugs Checking,3045,,
10/24/25,Coinbase,100,posted,,,FALSE,,internal transfer,Bugs Checking,3045,,
10/24/25,Coinbase,200,posted,,,FALSE,,internal transfer,Bugs Checking,3045,,
10/23/25,Skychef Restaura8036402vi,12.68,posted,Restaurants,Food & Drink,FALSE,,regular,Ultimate Rewards¬Æ,1041,,
10/23/25,Payment To Chase Card,1500,posted,,,FALSE,,internal transfer,Bugs Checking,3045,,
10/23/25,Payment Thank You-mobile,-1500,posted,,,FALSE,,internal transfer,Ultimate Rewards¬Æ,1041,,
10/23/25,Ouraring Inc,6.52,posted,Restaurants,Food & Drink,FALSE,,regular,Ultimate Rewards¬Æ,1041,,
10/23/25,Hulu,12.99,posted,Subscriptions,Subscriptions,FALSE,,regular,American Express Gold Card,5003,,
10/23/25,Apple.com-bill Internet Charge,54.43,posted,Subscriptions,Subscriptions,FALSE,,regular,Platinum Card¬Æ,7008,,
10/23/25,Apple.com-bill Internet Charge,13.05,posted,Subscriptions,Subscriptions,FALSE,,regular,Platinum Card¬Æ,7008,,
10/22/25,Temu.com,-234.93,posted,Shops,Shopping,FALSE,,regular,Marriott Bonvoy Brilliant¬Æ American Express¬Æ Card,5005,,
10/22/25,Capcut,25.99,posted,Other,,FALSE,,regular,American Express Gold Card,5003,,
10/21/25,Zola.com Zola Weddi St-l0c9l7t9f4o7 Ccd,-129,posted,Wedding,,FALSE,,regular,Bugs Checking,3045,,
10/21/25,Wifionboard,49.95,posted,Travel & Vacation,Travel,FALSE,,regular,Ultimate Rewards¬Æ,1041,,
10/20/25,Zola.com Zola Weddi St-v2a9g1a5i7q2 Ccd,-614.95,posted,Wedding,,FALSE,,regular,Bugs Checking,3045,,
10/20/25,Zola.com Zola Weddi St-t1o4m7t8k8m3 Ccd,-629,posted,Wedding,,FALSE,,regular,Bugs Checking,3045,,
10/20/25,Zola.com Zola Weddi St-a2f9k2h4u8r2 Ccd,-419,posted,Wedding,,FALSE,,regular,Bugs Checking,3045,,
10/20/25,Zelle Payment To Gray Jpm99brd7nhw,2000,posted,,,FALSE,,internal transfer,Bugs Checking,3045,,
10/20/25,Payment To Chase Card,3000,posted,,,FALSE,,internal transfer,Bugs Checking,3045,,
10/20/25,Venmo,35,posted,,,FALSE,,internal transfer,Bugs Checking,3045,,
10/20/25,Payment Thank You-mobile,-1500,posted,,,FALSE,,internal transfer,Ultimate Rewards¬Æ,1041,,
10/20/25,Payment To Chase Card,1500,posted,,,FALSE,,internal transfer,Bugs Checking,3045,,
10/20/25,Payment To Chase Card,500,posted,,,FALSE,,internal transfer,Bugs Checking,3045,,
10/20/25,Amazon,9.53,posted,Amazon/Target/Walmart,,FALSE,,regular,Hilton Honors Card,1000,,
10/19/25,Payment Thank You-mobile,-3000,posted,,,FALSE,,internal transfer,Ultimate Rewards¬Æ,1041,,
10/19/25,Payyourselfback Credit,-246.77,posted,,,FALSE,,internal transfer,Ultimate Rewards¬Æ,1041,,
10/19/25,Payment Thank You-mobile,-500,posted,,,FALSE,,internal transfer,Ultimate Rewards¬Æ,1041,,
10/19/25,Foreign Transaction Fee,0.3,posted,Travel & Vacation,Travel,FALSE,,regular,Credit Card,443,,
10/19/25,Nuuly,98,posted,Restaurants,Food & Drink,FALSE,,regular,Ultimate Rewards¬Æ,1041,,
10/19/25,Foreign Transaction Fee,0.3,posted,Travel & Vacation,Travel,FALSE,,regular,Credit Card,443,,
10/19/25,Crowne Plaza Hotels,10.08,posted,Travel & Vacation,Travel,FALSE,,regular,Credit Card,443,,
10/19/25,Amazon Mktpl*nu6ct1ob1,38.68,posted,Business Income,,FALSE,,regular,Prime Visa,5990,,
10/19/25,Crowne Plaza Hotels,10.08,posted,Travel & Vacation,Travel,FALSE,,regular,Credit Card,443,,
10/18/25,Adobe Inc Ad,65.31,posted,AI Subscriptions,,FALSE,,regular,American Express Gold Card,5003,,
10/17/25,Venmo,3000,posted,,,FALSE,,internal transfer,Bugs Checking,3045,,
10/17/25,Payment To Chase Card,500,posted,,,FALSE,,internal transfer,Bugs Checking,3045,,
10/17/25,Payment Thank You-mobile,-500,posted,,,FALSE,,internal transfer,Ultimate Rewards¬Æ,9759,,
10/17/25,Fid Bkg Svc Llc Moneyline Ziz4qi,-3208,posted,,,FALSE,,internal transfer,Bugs Checking,3045,,
10/17/25,Fid Bkg Svc Llc Moneyline,-2104,posted,,,FALSE,,internal transfer,Bugs Checking,3045,,
10/17/25,Amazon Prime,16.32,posted,Amazon/Target/Walmart,,FALSE,,regular,Platinum Card¬Æ,7008,,
10/17/25,"Sapna Jalan ""grafton""",35,posted,Apt Rent,Rent,FALSE,,regular,Personal Profile,,,
10/16/25,Venmo,1500,posted,,,FALSE,,internal transfer,Bugs Checking,3045,,
10/16/25,Payment Thank You-mobile,-2000,posted,,,FALSE,,internal transfer,Ultimate Rewards¬Æ,1041,,
10/16/25,Payment To Chase Card,2000,posted,,,FALSE,,internal transfer,Bugs Checking,3045,,
10/16/25,American Express Ach,355.69,posted,,,FALSE,,internal transfer,Bugs Checking,3045,,
10/16/25,American Express Ach,1711.1,posted,,,FALSE,,internal transfer,Bugs Checking,3045,,
10/16/25,American Express Ach,1344.44,posted,,,FALSE,,internal transfer,Bugs Checking,3045,,
10/16/25,Amazon Mktpl*nm4l75q51,21.4,posted,Business Income,,FALSE,,regular,Prime Visa,5990,,
10/16/25,Interest Charge On Purchases,9.03,posted,Subscriptions,Subscriptions,FALSE,,regular,Amex EveryDay¬Æ Preferred,2001,,Apple.com-bill Internet Charge
10/16/25,"Gray Perkins ""honeymoon""",3000,posted,Apt Rent,Rent,FALSE,,regular,Personal Profile,,,
10/15/25,Purchase Interest Charge,125.25,posted,Fee,Financial Payments,FALSE,,regular,Credit Card,443,,
10/15/25,Interpublic Grou Payroll,-4655.6,posted,,,FALSE,,income,Bugs Checking,3045,,
10/15/25,Base44.com,100,posted,Other,,FALSE,,regular,American Express Gold Card,5003,,
10/15/25,Amazon Mx Marketplacmexico City,14.45,posted,Business Income,,FALSE,,regular,Hilton Honors Card,1000,,
10/15/25,"Gray Perkins ""honeymoon""",1500,posted,Apt Rent,Rent,FALSE,,regular,Personal Profile,,,
10/14/25,Zola.com Zola Weddi St-n6y1s0y4n9u5 Ccd,-1718.15,posted,Shops,Shopping,FALSE,,regular,Bugs Checking,3045,,
10/14/25,Remote Online Deposit,-200,posted,,,FALSE,,income,Bugs Checking,3045,,
10/14/25,Remote Online Deposit,-200,posted,,,FALSE,,income,Bugs Checking,3045,,
10/14/25,Venmo,2000,posted,,,FALSE,,internal transfer,Bugs Checking,3045,,
10/14/25,Remote Online Deposit,-400,posted,,,FALSE,,income,Bugs Checking,3045,,
10/14/25,Remote Online Deposit,-300,posted,,,FALSE,,income,Bugs Checking,3045,,
10/14/25,Remote Online Deposit,-500,posted,,,FALSE,,income,Bugs Checking,3045,,
10/14/25,Remote Online Deposit,-400,posted,,,FALSE,,income,Bugs Checking,3045,,
10/14/25,Remote Online Deposit,-500,posted,,,FALSE,,income,Bugs Checking,3045,,
10/14/25,Remote Online Deposit,-1000,posted,,,FALSE,,income,Bugs Checking,3045,,
10/14/25,Remote Online Deposit,-1000,posted,,,FALSE,,income,Bugs Checking,3045,,
10/14/25,Remote Online Deposit,-800,posted,,,FALSE,,income,Bugs Checking,3045,,
10/14/25,Remote Online Deposit,-1000,posted,,,FALSE,,income,Bugs Checking,3045,,
10/14/25,Chase Credit Crd Autopay,207,posted,,,FALSE,,internal transfer,Bugs Checking,3045,,
10/14/25,American Express Ach,24.4,posted,,,FALSE,,internal transfer,Bugs Checking,3045,,
10/14/25,American Express Ach,40,posted,,,FALSE,,internal transfer,Bugs Checking,3045,,
10/14/25,Amazon Mktplace,-6.27,posted,Shelzy‚Äôs Designs,Side Hustle,FALSE,,regular,Prime Visa,5990,,
10/14/25,Amazon Mktplace,-15.46,posted,Shelzy‚Äôs Designs,Side Hustle,FALSE,,regular,Prime Visa,5990,,
10/14/25,Amazon Mktplace,-18.24,posted,Shelzy‚Äôs Designs,Side Hustle,FALSE,,regular,Prime Visa,5990,,
10/14/25,Amazon Mktplace,-39.55,posted,Shelzy‚Äôs Designs,Side Hustle,FALSE,,regular,Prime Visa,5990,,
10/14/25,Amazon Mktplace,-42.32,posted,Shelzy‚Äôs Designs,Side Hustle,FALSE,,regular,Prime Visa,5990,,
10/14/25,Amazon Mktplace,-47.34,posted,Shelzy‚Äôs Designs,Side Hustle,FALSE,,regular,Prime Visa,5990,,
10/14/25,Amazon Mktplace,-81.6,posted,Shelzy‚Äôs Designs,Side Hustle,FALSE,,regular,Prime Visa,5990,,
10/14/25,Air France,33.64,posted,Flights,,FALSE,,regular,American Express Gold Card,5003,,
10/14/25,Claude.ai Subscriptisan Francisco,217.75,posted,Other,,FALSE,,regular,American Express Gold Card,5003,,
10/13/25,Amazon Payments,52.61,posted,Shops,Shopping,FALSE,,regular,Prime Visa,5990,,
10/13/25,"Gray Perkins ""honeymoon""",2000,posted,Apt Rent,Rent,FALSE,,regular,Personal Profile,,,
10/13/25,Air France,33.64,posted,Flights,,FALSE,,regular,American Express Gold Card,5003,,
10/12/25,Amazon Payments,83.08,posted,Shops,Shopping,FALSE,,regular,Prime Visa,5990,,
10/12/25,Amazon Payments,41.54,posted,Shops,Shopping,FALSE,,regular,Prime Visa,5990,,
10/12/25,Automatic Payment - Thank,-207,posted,,,FALSE,,internal transfer,Credit Card,443,,
10/12/25,Apple.com-bill Internet Charge,9.99,posted,Subscriptions,Subscriptions,FALSE,,regular,Platinum Card¬Æ,7008,,Apple.com-bill Internet Charge